#
# There is insufficient memory for the Java Runtime Environment to continue.
# Native memory allocation (mmap) failed to map 20971520 bytes. Error detail: G1 virtual space
# Possible reasons:
#   The system is out of physical RAM or swap space
#   This process is running with CompressedOops enabled, and the Java Heap may be blocking the growth of the native heap
# Possible solutions:
#   Reduce memory load on the system
#   Increase physical memory or swap space
#   Check if swap backing store is full
#   Decrease Java heap size (-Xmx/-Xms)
#   Decrease number of Java threads
#   Decrease Java thread stack sizes (-Xss)
#   Set larger code cache with -XX:ReservedCodeCacheSize=
#   JVM is running with Unscaled Compressed Oops mode in which the Java heap is
#     placed in the first 4GB address space. The Java Heap base address is the
#     maximum limit for the native heap growth. Please use -XX:HeapBaseMinAddress
#     to set the Java Heap base and to place the Java Heap above 4GB virtual address.
# This output file may be truncated or incomplete.
#
#  Out of Memory Error (os_windows.cpp:3925), pid=7276, tid=8516
#
# JRE version: OpenJDK Runtime Environment (21.0.8) (build 21.0.8+-14196175-b1038.72)
# Java VM: OpenJDK 64-Bit Server VM (21.0.8+-14196175-b1038.72, mixed mode, tiered, compressed oops, compressed class ptrs, g1 gc, windows-amd64)
# No core dump will be written. Minidumps are not enabled by default on client versions of Windows
#

---------------  S U M M A R Y ------------

Command Line: --add-opens=java.base/java.util=ALL-UNNAMED --add-opens=java.base/java.lang=ALL-UNNAMED --add-opens=java.base/java.lang.invoke=ALL-UNNAMED --add-opens=java.prefs/java.util.prefs=ALL-UNNAMED --add-opens=java.base/java.nio.charset=ALL-UNNAMED --add-opens=java.base/java.net=ALL-UNNAMED --add-opens=java.base/java.util.concurrent.atomic=ALL-UNNAMED -Xmx2048m -Dfile.encoding=UTF-8 -Duser.country=US -Duser.language=en -Duser.variant -javaagent:C:\Users\Tuan Hiep\.gradle\wrapper\dists\gradle-8.7-bin\bhs2wmbdwecv87pi65oeuq5iu\gradle-8.7\lib\agents\gradle-instrumentation-agent-8.7.jar org.gradle.launcher.daemon.bootstrap.GradleDaemon 8.7

Host: 12th Gen Intel(R) Core(TM) i5-1235U, 12 cores, 7G,  Windows 11 , 64 bit Build 26100 (10.0.26100.7920)
Time: Wed Apr  8 14:03:50 2026 SE Asia Standard Time elapsed time: 870.290258 seconds (0d 0h 14m 30s)

---------------  T H R E A D  ---------------

Current thread (0x000002583897d650):  VMThread "VM Thread"          [id=8516, stack(0x00000099bb400000,0x00000099bb500000) (1024K)]

Stack: [0x00000099bb400000,0x00000099bb500000]
Native frames: (J=compiled Java code, j=interpreted, Vv=VM code, C=native code)
V  [jvm.dll+0x6d68d9]
V  [jvm.dll+0x866693]
V  [jvm.dll+0x868c4e]
V  [jvm.dll+0x869333]
V  [jvm.dll+0x280566]
V  [jvm.dll+0x6d3195]
V  [jvm.dll+0x6c69ea]
V  [jvm.dll+0x3586db]
V  [jvm.dll+0x360336]
V  [jvm.dll+0x3b23f6]
V  [jvm.dll+0x3b26c8]
V  [jvm.dll+0x32ae6c]
V  [jvm.dll+0x32d806]
V  [jvm.dll+0x3376dd]
V  [jvm.dll+0x36ee15]
V  [jvm.dll+0x86f0b8]
V  [jvm.dll+0x870434]
V  [jvm.dll+0x870970]
V  [jvm.dll+0x870c03]
V  [jvm.dll+0x80eac8]
V  [jvm.dll+0x6d512d]
C  [ucrtbase.dll+0x37b0]
C  [KERNEL32.DLL+0x2e8d7]
C  [ntdll.dll+0x8c48c]

VM_Operation (0x00000099bafff730): G1PauseRemark, mode: safepoint, requested by thread 0x0000025820ea4400


---------------  P R O C E S S  ---------------

Threads class SMR info:
_java_thread_list=0x0000025841e27970, length=114, elements={
0x000002581ea34f40, 0x0000025838b102d0, 0x0000025838b27f70, 0x0000025838b289d0,
0x0000025838b3d310, 0x0000025838b3dd70, 0x0000025838b3e7d0, 0x0000025838b3f230,
0x0000025838b2c460, 0x0000025838b4acc0, 0x0000025838dcd1a0, 0x000002583eab94a0,
0x000002583e32da50, 0x000002583e614670, 0x000002583dc0a730, 0x000002583de0e260,
0x000002583db959c0, 0x000002583db96050, 0x000002583db966e0, 0x000002583db938f0,
0x000002583db94610, 0x000002583db93f80, 0x000002583db94ca0, 0x000002583ee958b0,
0x000002583ee94500, 0x000002583ee92ac0, 0x000002583ee95220, 0x000002583ee937e0,
0x000002583ee93e70, 0x000002583ee92430, 0x000002583ee97980, 0x000002583ee98010,
0x000002583ee993c0, 0x000002583ee96c60, 0x000002584117afd0, 0x000002584117b660,
0x00000258411781e0, 0x0000025841178f00, 0x0000025841179590, 0x0000025841179c20,
0x000002584117bcf0, 0x000002584117a940, 0x0000025841178870, 0x000002584117e450,
0x000002584117f170, 0x000002584117f800, 0x000002583ee98d30, 0x00000258409d4960,
0x00000258409d5680, 0x00000258409d5d10, 0x00000258409d63a0, 0x00000258409d35b0,
0x00000258409d3c40, 0x00000258409d2f20, 0x00000258409d6a30, 0x00000258409d42d0,
0x00000258409d7de0, 0x00000258409d9820, 0x00000258409da540, 0x00000258409d8470,
0x00000258409d70c0, 0x00000258409d9eb0, 0x00000258409d8b00, 0x00000258409d9190,
0x00000258432ba750, 0x00000258432ba0c0, 0x000002584036e860, 0x00000258403702a0,
0x0000025840370fc0, 0x00000258480a50a0, 0x00000258480a5730, 0x000002584117eae0,
0x00000258432b8680, 0x0000025849915cc0, 0x0000025849917070, 0x0000025849917700,
0x0000025849918420, 0x00000258499169e0, 0x0000025849915630, 0x0000025849914fa0,
0x0000025849917d90, 0x0000025849918ab0, 0x00000258499197d0, 0x0000025849916350,
0x000002584991c5c0, 0x000002584991a4f0, 0x0000025849919140, 0x000002584991ab80,
0x000002584991b210, 0x000002584991b8a0, 0x000002584991bf30, 0x0000025848056140,
0x0000025848058210, 0x0000025848054d90, 0x00000258480588a0, 0x00000258480567d0,
0x0000025848058f30, 0x00000258480595c0, 0x0000025848059c50, 0x000002584805a2e0,
0x000002584805a970, 0x000002584805b000, 0x000002583db95330, 0x0000025840a42d60,
0x0000025840a44110, 0x0000025840a454c0, 0x0000025840a44e30, 0x0000025840a45b50,
0x0000025840a433f0, 0x0000025840a46870, 0x0000025840a461e0, 0x0000025840a46f00,
0x0000025840a43a80, 0x0000025840a47590
}

Java Threads: ( => current thread )
  0x000002581ea34f40 JavaThread "main"                              [_thread_blocked, id=3960, stack(0x00000099bad00000,0x00000099bae00000) (1024K)]
  0x0000025838b102d0 JavaThread "Common-Cleaner"             daemon [_thread_blocked, id=7052, stack(0x00000099bb500000,0x00000099bb600000) (1024K)]
  0x0000025838b27f70 JavaThread "Reference Handler"          daemon [_thread_blocked, id=18976, stack(0x00000099bb600000,0x00000099bb700000) (1024K)]
  0x0000025838b289d0 JavaThread "Finalizer"                  daemon [_thread_blocked, id=22532, stack(0x00000099bb700000,0x00000099bb800000) (1024K)]
  0x0000025838b3d310 JavaThread "Signal Dispatcher"          daemon [_thread_blocked, id=23216, stack(0x00000099bb800000,0x00000099bb900000) (1024K)]
  0x0000025838b3dd70 JavaThread "Attach Listener"            daemon [_thread_blocked, id=23000, stack(0x00000099bb900000,0x00000099bba00000) (1024K)]
  0x0000025838b3e7d0 JavaThread "Service Thread"             daemon [_thread_blocked, id=17544, stack(0x00000099bba00000,0x00000099bbb00000) (1024K)]
  0x0000025838b3f230 JavaThread "Monitor Deflation Thread"   daemon [_thread_blocked, id=7564, stack(0x00000099bbb00000,0x00000099bbc00000) (1024K)]
  0x0000025838b2c460 JavaThread "C2 CompilerThread0"         daemon [_thread_blocked, id=11792, stack(0x00000099bbc00000,0x00000099bbd00000) (1024K)]
  0x0000025838b4acc0 JavaThread "C1 CompilerThread0"         daemon [_thread_blocked, id=21036, stack(0x00000099bbd00000,0x00000099bbe00000) (1024K)]
  0x0000025838dcd1a0 JavaThread "Notification Thread"        daemon [_thread_blocked, id=20412, stack(0x00000099bbe00000,0x00000099bbf00000) (1024K)]
  0x000002583eab94a0 JavaThread "Daemon health stats"               [_thread_blocked, id=22400, stack(0x00000099bc300000,0x00000099bc400000) (1024K)]
  0x000002583e32da50 JavaThread "Incoming local TCP Connector on port 50800"        [_thread_in_native, id=19676, stack(0x00000099bc400000,0x00000099bc500000) (1024K)]
  0x000002583e614670 JavaThread "Daemon periodic checks"            [_thread_blocked, id=22580, stack(0x00000099bc500000,0x00000099bc600000) (1024K)]
  0x000002583dc0a730 JavaThread "Daemon"                            [_thread_blocked, id=14308, stack(0x00000099bc600000,0x00000099bc700000) (1024K)]
  0x000002583de0e260 JavaThread "Handler for socket connection from /127.0.0.1:50800 to /127.0.0.1:50801"        [_thread_in_native, id=9184, stack(0x00000099bc700000,0x00000099bc800000) (1024K)]
  0x000002583db959c0 JavaThread "Cancel handler"                    [_thread_blocked, id=22616, stack(0x00000099bc800000,0x00000099bc900000) (1024K)]
  0x000002583db96050 JavaThread "Daemon worker"                     [_thread_blocked, id=21520, stack(0x00000099bc900000,0x00000099bca00000) (1024K)]
  0x000002583db966e0 JavaThread "Asynchronous log dispatcher for DefaultDaemonConnection: socket connection from /127.0.0.1:50800 to /127.0.0.1:50801"        [_thread_blocked, id=7712, stack(0x00000099bca00000,0x00000099bcb00000) (1024K)]
  0x000002583db938f0 JavaThread "Daemon client event forwarder"        [_thread_blocked, id=22948, stack(0x00000099bcc00000,0x00000099bcd00000) (1024K)]
  0x000002583db94610 JavaThread "Cache worker for journal cache (C:\Users\Tuan Hiep\.gradle\caches\journal-1)"        [_thread_blocked, id=19020, stack(0x00000099bd400000,0x00000099bd500000) (1024K)]
  0x000002583db93f80 JavaThread "File lock request listener"        [_thread_in_native, id=23368, stack(0x00000099bd500000,0x00000099bd600000) (1024K)]
  0x000002583db94ca0 JavaThread "Cache worker for file hash cache (C:\Users\Tuan Hiep\.gradle\caches\8.7\fileHashes)"        [_thread_blocked, id=1380, stack(0x00000099bd600000,0x00000099bd700000) (1024K)]
  0x000002583ee958b0 JavaThread "Cache worker for file hash cache (C:\Users\Tuan Hiep\AndroidStudioProjects\better_life\.gradle\8.7\fileHashes)"        [_thread_blocked, id=14928, stack(0x00000099bd700000,0x00000099bd800000) (1024K)]
  0x000002583ee94500 JavaThread "File watcher server"        daemon [_thread_in_native, id=18200, stack(0x00000099bd800000,0x00000099bd900000) (1024K)]
  0x000002583ee92ac0 JavaThread "File watcher consumer"      daemon [_thread_blocked, id=15200, stack(0x00000099bd900000,0x00000099bda00000) (1024K)]
  0x000002583ee95220 JavaThread "Cache worker for checksums cache (C:\Users\Tuan Hiep\AndroidStudioProjects\better_life\.gradle\8.7\checksums)"        [_thread_blocked, id=10604, stack(0x00000099bda00000,0x00000099bdb00000) (1024K)]
  0x000002583ee937e0 JavaThread "Cache worker for cache directory md-supplier (C:\Users\Tuan Hiep\.gradle\caches\8.7\md-supplier)"        [_thread_blocked, id=3376, stack(0x00000099bdb00000,0x00000099bdc00000) (1024K)]
  0x000002583ee93e70 JavaThread "Cache worker for cache directory md-rule (C:\Users\Tuan Hiep\.gradle\caches\8.7\md-rule)"        [_thread_blocked, id=1672, stack(0x00000099bdc00000,0x00000099bdd00000) (1024K)]
  0x000002583ee92430 JavaThread "Cache worker for file content cache (C:\Users\Tuan Hiep\.gradle\caches\8.7\fileContent)"        [_thread_blocked, id=14876, stack(0x00000099bde00000,0x00000099bdf00000) (1024K)]
  0x000002583ee97980 JavaThread "jar transforms"                    [_thread_blocked, id=18208, stack(0x00000099bdd00000,0x00000099bde00000) (1024K)]
  0x000002583ee98010 JavaThread "jar transforms Thread 2"           [_thread_blocked, id=22784, stack(0x00000099bdf00000,0x00000099be000000) (1024K)]
  0x000002583ee993c0 JavaThread "jar transforms Thread 3"           [_thread_blocked, id=20716, stack(0x00000099be100000,0x00000099be200000) (1024K)]
  0x000002583ee96c60 JavaThread "Unconstrained build operations"        [_thread_blocked, id=12168, stack(0x00000099be200000,0x00000099be300000) (1024K)]
  0x000002584117afd0 JavaThread "Unconstrained build operations Thread 2"        [_thread_blocked, id=22172, stack(0x00000099be300000,0x00000099be400000) (1024K)]
  0x000002584117b660 JavaThread "Unconstrained build operations Thread 3"        [_thread_blocked, id=2576, stack(0x00000099be400000,0x00000099be500000) (1024K)]
  0x00000258411781e0 JavaThread "Unconstrained build operations Thread 4"        [_thread_blocked, id=16232, stack(0x00000099be500000,0x00000099be600000) (1024K)]
  0x0000025841178f00 JavaThread "Unconstrained build operations Thread 5"        [_thread_blocked, id=13456, stack(0x00000099be600000,0x00000099be700000) (1024K)]
  0x0000025841179590 JavaThread "jar transforms Thread 4"           [_thread_blocked, id=15696, stack(0x00000099be700000,0x00000099be800000) (1024K)]
  0x0000025841179c20 JavaThread "jar transforms Thread 5"           [_thread_blocked, id=21680, stack(0x00000099be900000,0x00000099bea00000) (1024K)]
  0x000002584117bcf0 JavaThread "jar transforms Thread 6"           [_thread_blocked, id=16016, stack(0x00000099be000000,0x00000099be100000) (1024K)]
  0x000002584117a940 JavaThread "jar transforms Thread 7"           [_thread_blocked, id=17376, stack(0x00000099beb00000,0x00000099bec00000) (1024K)]
  0x0000025841178870 JavaThread "jar transforms Thread 8"           [_thread_blocked, id=2480, stack(0x00000099bec00000,0x00000099bed00000) (1024K)]
  0x000002584117e450 JavaThread "Cache worker for Build Output Cleanup Cache (C:\Users\Tuan Hiep\AndroidStudioProjects\better_life\.gradle\buildOutputCleanup)"        [_thread_blocked, id=6180, stack(0x00000099be800000,0x00000099be900000) (1024K)]
  0x000002584117f170 JavaThread "Unconstrained build operations Thread 6"        [_thread_blocked, id=12124, stack(0x00000099bed00000,0x00000099bee00000) (1024K)]
  0x000002584117f800 JavaThread "Unconstrained build operations Thread 7"        [_thread_blocked, id=17260, stack(0x00000099bee00000,0x00000099bef00000) (1024K)]
  0x000002583ee98d30 JavaThread "Unconstrained build operations Thread 8"        [_thread_blocked, id=14192, stack(0x00000099bef00000,0x00000099bf000000) (1024K)]
  0x00000258409d4960 JavaThread "Unconstrained build operations Thread 9"        [_thread_blocked, id=19728, stack(0x00000099bf000000,0x00000099bf100000) (1024K)]
  0x00000258409d5680 JavaThread "Unconstrained build operations Thread 10"        [_thread_blocked, id=17860, stack(0x00000099bf100000,0x00000099bf200000) (1024K)]
  0x00000258409d5d10 JavaThread "Unconstrained build operations Thread 11"        [_thread_blocked, id=14076, stack(0x00000099bf200000,0x00000099bf300000) (1024K)]
  0x00000258409d63a0 JavaThread "Unconstrained build operations Thread 12"        [_thread_blocked, id=9260, stack(0x00000099bf300000,0x00000099bf400000) (1024K)]
  0x00000258409d35b0 JavaThread "Unconstrained build operations Thread 13"        [_thread_blocked, id=15508, stack(0x00000099bf400000,0x00000099bf500000) (1024K)]
  0x00000258409d3c40 JavaThread "Unconstrained build operations Thread 14"        [_thread_blocked, id=16492, stack(0x00000099bf500000,0x00000099bf600000) (1024K)]
  0x00000258409d2f20 JavaThread "Unconstrained build operations Thread 15"        [_thread_blocked, id=19680, stack(0x00000099bf600000,0x00000099bf700000) (1024K)]
  0x00000258409d6a30 JavaThread "Unconstrained build operations Thread 16"        [_thread_blocked, id=13380, stack(0x00000099bf700000,0x00000099bf800000) (1024K)]
  0x00000258409d42d0 JavaThread "Unconstrained build operations Thread 17"        [_thread_blocked, id=4668, stack(0x00000099bf800000,0x00000099bf900000) (1024K)]
  0x00000258409d7de0 JavaThread "Unconstrained build operations Thread 18"        [_thread_blocked, id=22640, stack(0x00000099bf900000,0x00000099bfa00000) (1024K)]
  0x00000258409d9820 JavaThread "Unconstrained build operations Thread 19"        [_thread_blocked, id=14216, stack(0x00000099bfa00000,0x00000099bfb00000) (1024K)]
  0x00000258409da540 JavaThread "Unconstrained build operations Thread 20"        [_thread_blocked, id=19100, stack(0x00000099bfb00000,0x00000099bfc00000) (1024K)]
  0x00000258409d8470 JavaThread "Unconstrained build operations Thread 21"        [_thread_blocked, id=6788, stack(0x00000099bfc00000,0x00000099bfd00000) (1024K)]
  0x00000258409d70c0 JavaThread "Unconstrained build operations Thread 22"        [_thread_blocked, id=15300, stack(0x00000099bfd00000,0x00000099bfe00000) (1024K)]
  0x00000258409d9eb0 JavaThread "Unconstrained build operations Thread 23"        [_thread_blocked, id=20572, stack(0x00000099bfe00000,0x00000099bff00000) (1024K)]
  0x00000258409d8b00 JavaThread "Unconstrained build operations Thread 24"        [_thread_blocked, id=18292, stack(0x00000099bff00000,0x00000099c0000000) (1024K)]
  0x00000258409d9190 JavaThread "Unconstrained build operations Thread 25"        [_thread_blocked, id=7844, stack(0x00000099c0000000,0x00000099c0100000) (1024K)]
  0x00000258432ba750 JavaThread "Unconstrained build operations Thread 26"        [_thread_blocked, id=3132, stack(0x00000099c0100000,0x00000099c0200000) (1024K)]
  0x00000258432ba0c0 JavaThread "Unconstrained build operations Thread 27"        [_thread_blocked, id=8212, stack(0x00000099c0200000,0x00000099c0300000) (1024K)]
  0x000002584036e860 JavaThread "build event listener"              [_thread_blocked, id=10444, stack(0x00000099bea00000,0x00000099beb00000) (1024K)]
  0x00000258403702a0 JavaThread "Memory manager"                    [_thread_blocked, id=12736, stack(0x00000099c0400000,0x00000099c0500000) (1024K)]
  0x0000025840370fc0 JavaThread "build event listener"              [_thread_blocked, id=7888, stack(0x00000099c0500000,0x00000099c0600000) (1024K)]
  0x00000258480a50a0 JavaThread "pool-3-thread-1"                   [_thread_blocked, id=9304, stack(0x00000099c0300000,0x00000099c0400000) (1024K)]
  0x00000258480a5730 JavaThread "build event listener"              [_thread_blocked, id=13836, stack(0x00000099c0600000,0x00000099c0700000) (1024K)]
  0x000002584117eae0 JavaThread "included builds"                   [_thread_blocked, id=13224, stack(0x00000099c0700000,0x00000099c0800000) (1024K)]
  0x00000258432b8680 JavaThread "Execution worker"                  [_thread_blocked, id=20636, stack(0x00000099c0800000,0x00000099c0900000) (1024K)]
  0x0000025849915cc0 JavaThread "Execution worker Thread 2"         [_thread_blocked, id=19780, stack(0x00000099c0900000,0x00000099c0a00000) (1024K)]
  0x0000025849917070 JavaThread "Execution worker Thread 3"         [_thread_blocked, id=8480, stack(0x00000099c0a00000,0x00000099c0b00000) (1024K)]
  0x0000025849917700 JavaThread "Execution worker Thread 4"         [_thread_blocked, id=20812, stack(0x00000099c0b00000,0x00000099c0c00000) (1024K)]
  0x0000025849918420 JavaThread "Execution worker Thread 5"         [_thread_blocked, id=16548, stack(0x00000099c0c00000,0x00000099c0d00000) (1024K)]
  0x00000258499169e0 JavaThread "Execution worker Thread 6"         [_thread_blocked, id=3292, stack(0x00000099c0d00000,0x00000099c0e00000) (1024K)]
  0x0000025849915630 JavaThread "Execution worker Thread 7"         [_thread_blocked, id=20588, stack(0x00000099c0e00000,0x00000099c0f00000) (1024K)]
  0x0000025849914fa0 JavaThread "Execution worker Thread 8"         [_thread_blocked, id=20112, stack(0x00000099c0f00000,0x00000099c1000000) (1024K)]
  0x0000025849917d90 JavaThread "Execution worker Thread 9"         [_thread_blocked, id=22288, stack(0x00000099c1000000,0x00000099c1100000) (1024K)]
  0x0000025849918ab0 JavaThread "Execution worker Thread 10"        [_thread_blocked, id=4880, stack(0x00000099c1100000,0x00000099c1200000) (1024K)]
  0x00000258499197d0 JavaThread "Execution worker Thread 11"        [_thread_blocked, id=8452, stack(0x00000099c1200000,0x00000099c1300000) (1024K)]
  0x0000025849916350 JavaThread "Cache worker for execution history cache (C:\Users\Tuan Hiep\AndroidStudioProjects\better_life\.gradle\8.7\executionHistory)"        [_thread_blocked, id=7232, stack(0x00000099c1300000,0x00000099c1400000) (1024K)]
  0x000002584991c5c0 JavaThread "Unconstrained build operations Thread 28"        [_thread_blocked, id=9532, stack(0x00000099c1400000,0x00000099c1500000) (1024K)]
  0x000002584991a4f0 JavaThread "Unconstrained build operations Thread 29"        [_thread_blocked, id=17412, stack(0x00000099c1500000,0x00000099c1600000) (1024K)]
  0x0000025849919140 JavaThread "Unconstrained build operations Thread 30"        [_thread_blocked, id=16068, stack(0x00000099c1600000,0x00000099c1700000) (1024K)]
  0x000002584991ab80 JavaThread "Unconstrained build operations Thread 31"        [_thread_blocked, id=3308, stack(0x00000099c1700000,0x00000099c1800000) (1024K)]
  0x000002584991b210 JavaThread "Unconstrained build operations Thread 32"        [_thread_blocked, id=22724, stack(0x00000099c1800000,0x00000099c1900000) (1024K)]
  0x000002584991b8a0 JavaThread "Unconstrained build operations Thread 33"        [_thread_blocked, id=23140, stack(0x00000099c1900000,0x00000099c1a00000) (1024K)]
  0x000002584991bf30 JavaThread "Unconstrained build operations Thread 34"        [_thread_blocked, id=12280, stack(0x00000099c1a00000,0x00000099c1b00000) (1024K)]
  0x0000025848056140 JavaThread "Unconstrained build operations Thread 35"        [_thread_blocked, id=396, stack(0x00000099c1b00000,0x00000099c1c00000) (1024K)]
  0x0000025848058210 JavaThread "Unconstrained build operations Thread 36"        [_thread_blocked, id=23296, stack(0x00000099c1c00000,0x00000099c1d00000) (1024K)]
  0x0000025848054d90 JavaThread "Unconstrained build operations Thread 37"        [_thread_blocked, id=5708, stack(0x00000099c1d00000,0x00000099c1e00000) (1024K)]
  0x00000258480588a0 JavaThread "Unconstrained build operations Thread 38"        [_thread_blocked, id=23192, stack(0x00000099c1e00000,0x00000099c1f00000) (1024K)]
  0x00000258480567d0 JavaThread "Unconstrained build operations Thread 39"        [_thread_blocked, id=1684, stack(0x00000099bab00000,0x00000099bac00000) (1024K)]
  0x0000025848058f30 JavaThread "Unconstrained build operations Thread 40"        [_thread_blocked, id=15400, stack(0x00000099bac00000,0x00000099bad00000) (1024K)]
  0x00000258480595c0 JavaThread "Unconstrained build operations Thread 41"        [_thread_blocked, id=10332, stack(0x00000099c1f00000,0x00000099c2000000) (1024K)]
  0x0000025848059c50 JavaThread "Unconstrained build operations Thread 42"        [_thread_blocked, id=15632, stack(0x00000099c2000000,0x00000099c2100000) (1024K)]
  0x000002584805a2e0 JavaThread "Unconstrained build operations Thread 43"        [_thread_blocked, id=21088, stack(0x00000099c2100000,0x00000099c2200000) (1024K)]
  0x000002584805a970 JavaThread "Unconstrained build operations Thread 44"        [_thread_blocked, id=19936, stack(0x00000099c2200000,0x00000099c2300000) (1024K)]
  0x000002584805b000 JavaThread "Unconstrained build operations Thread 45"        [_thread_blocked, id=14864, stack(0x00000099c2300000,0x00000099c2400000) (1024K)]
  0x000002583db95330 JavaThread "WorkerExecutor Queue"              [_thread_blocked, id=1768, stack(0x00000099baa00000,0x00000099bab00000) (1024K)]
  0x0000025840a42d60 JavaThread "Unconstrained build operations Thread 46"        [_thread_blocked, id=18600, stack(0x00000099bcb00000,0x00000099bcc00000) (1024K)]
  0x0000025840a44110 JavaThread "Unconstrained build operations Thread 47"        [_thread_blocked, id=2260, stack(0x00000099c2600000,0x00000099c2700000) (1024K)]
  0x0000025840a454c0 JavaThread "Unconstrained build operations Thread 48"        [_thread_blocked, id=1136, stack(0x00000099c2700000,0x00000099c2800000) (1024K)]
  0x0000025840a44e30 JavaThread "Unconstrained build operations Thread 49"        [_thread_blocked, id=12112, stack(0x00000099c2800000,0x00000099c2900000) (1024K)]
  0x0000025840a45b50 JavaThread "Unconstrained build operations Thread 50"        [_thread_blocked, id=11936, stack(0x00000099c2900000,0x00000099c2a00000) (1024K)]
  0x0000025840a433f0 JavaThread "Unconstrained build operations Thread 51"        [_thread_blocked, id=22852, stack(0x00000099c2a00000,0x00000099c2b00000) (1024K)]
  0x0000025840a46870 JavaThread "Unconstrained build operations Thread 52"        [_thread_blocked, id=17120, stack(0x00000099c2b00000,0x00000099c2c00000) (1024K)]
  0x0000025840a461e0 JavaThread "Unconstrained build operations Thread 53"        [_thread_blocked, id=21688, stack(0x00000099c2c00000,0x00000099c2d00000) (1024K)]
  0x0000025840a46f00 JavaThread "Unconstrained build operations Thread 54"        [_thread_blocked, id=22224, stack(0x00000099c2d00000,0x00000099c2e00000) (1024K)]
  0x0000025840a43a80 JavaThread "Unconstrained build operations Thread 55"        [_thread_blocked, id=7764, stack(0x00000099c2e00000,0x00000099c2f00000) (1024K)]
  0x0000025840a47590 JavaThread "Unconstrained build operations Thread 56"        [_thread_blocked, id=20424, stack(0x00000099c2f00000,0x00000099c3000000) (1024K)]
Total: 114

Other Threads:
=>0x000002583897d650 VMThread "VM Thread"                           [id=8516, stack(0x00000099bb400000,0x00000099bb500000) (1024K)]
  0x00000258388fd320 WatcherThread "VM Periodic Task Thread"        [id=13464, stack(0x00000099bb300000,0x00000099bb400000) (1024K)]
  0x0000025820e91f30 WorkerThread "GC Thread#0"                     [id=18180, stack(0x00000099bae00000,0x00000099baf00000) (1024K)]
  0x000002583d8e4370 WorkerThread "GC Thread#1"                     [id=20340, stack(0x00000099bbf00000,0x00000099bc000000) (1024K)]
  0x000002583d7fd110 WorkerThread "GC Thread#2"                     [id=16452, stack(0x00000099bc000000,0x00000099bc100000) (1024K)]
  0x000002583d7fd4b0 WorkerThread "GC Thread#3"                     [id=13148, stack(0x00000099bc100000,0x00000099bc200000) (1024K)]
  0x000002583d7fd850 WorkerThread "GC Thread#4"                     [id=21964, stack(0x00000099bc200000,0x00000099bc300000) (1024K)]
  0x000002583dc44210 WorkerThread "GC Thread#5"                     [id=14436, stack(0x00000099bcd00000,0x00000099bce00000) (1024K)]
  0x000002583dc445b0 WorkerThread "GC Thread#6"                     [id=5600, stack(0x00000099bce00000,0x00000099bcf00000) (1024K)]
  0x000002583d18e670 WorkerThread "GC Thread#7"                     [id=19416, stack(0x00000099bcf00000,0x00000099bd000000) (1024K)]
  0x000002583d18ea10 WorkerThread "GC Thread#8"                     [id=10552, stack(0x00000099bd000000,0x00000099bd100000) (1024K)]
  0x000002583d18edb0 WorkerThread "GC Thread#9"                     [id=4352, stack(0x00000099bd100000,0x00000099bd200000) (1024K)]
  0x0000025820ea4400 ConcurrentGCThread "G1 Main Marker"            [id=18596, stack(0x00000099baf00000,0x00000099bb000000) (1024K)]
  0x0000025820ea4e10 WorkerThread "G1 Conc#0"                       [id=4832, stack(0x00000099bb000000,0x00000099bb100000) (1024K)]
  0x000002583ea85220 WorkerThread "G1 Conc#1"                       [id=15016, stack(0x00000099bd200000,0x00000099bd300000) (1024K)]
  0x000002583de58370 WorkerThread "G1 Conc#2"                       [id=20116, stack(0x00000099bd300000,0x00000099bd400000) (1024K)]
  0x00000258387c95c0 ConcurrentGCThread "G1 Refine#0"               [id=22436, stack(0x00000099bb100000,0x00000099bb200000) (1024K)]
  0x00000258387ca040 ConcurrentGCThread "G1 Service"                [id=23352, stack(0x00000099bb200000,0x00000099bb300000) (1024K)]
Total: 18

Threads with active compile tasks:
Total: 0

VM state: at safepoint (normal execution)

VM Mutex/Monitor currently owned by a thread:  ([mutex/lock_event])
[0x00007ff8a51585b8] Threads_lock - owner thread: 0x000002583897d650
[0x00007ff8a51586b8] Heap_lock - owner thread: 0x0000025820ea4400

Heap address: 0x0000000080000000, size: 2048 MB, Compressed Oops mode: 32-bit

CDS archive(s) not mapped
Compressed class space mapped at: 0x0000000100000000-0x0000000140000000, reserved size: 1073741824
Narrow klass base: 0x0000000000000000, Narrow klass shift: 3, Narrow klass range: 0x140000000

GC Precious Log:
 CardTable entry size: 512
 Card Set container configuration: InlinePtr #cards 5 size 8 Array Of Cards #cards 12 size 40 Howl #buckets 4 coarsen threshold 1843 Howl Bitmap #cards 512 size 80 coarsen threshold 460 Card regions per heap region 1 cards per card region 2048
 CPUs: 12 total, 12 available
 Memory: 7863M
 Large Page Support: Disabled
 NUMA Support: Disabled
 Compressed Oops: Enabled (32-bit)
 Heap Region Size: 1M
 Heap Min Capacity: 8M
 Heap Initial Capacity: 124M
 Heap Max Capacity: 2G
 Pre-touch: Disabled
 Parallel Workers: 10
 Concurrent Workers: 3
 Concurrent Refinement Workers: 10
 Periodic GC: Disabled

Heap:
 garbage-first heap   total 194560K, used 129099K [0x0000000080000000, 0x0000000100000000)
  region size 1024K, 4 young (4096K), 2 survivors (2048K)
 Metaspace       used 121536K, committed 123520K, reserved 1179648K
  class space    used 16897K, committed 17856K, reserved 1048576K

Heap Regions: E=young(eden), S=young(survivor), O=old, HS=humongous(starts), HC=humongous(continues), CS=collection set, F=free, TAMS=top-at-mark-start, PB=parsable bottom
|   0|0x0000000080000000, 0x0000000080100000, 0x0000000080100000|100%|HS|  |TAMS 0x0000000080100000| PB 0x0000000080000000| Complete 
|   1|0x0000000080100000, 0x0000000080200000, 0x0000000080200000|100%|HC|  |TAMS 0x0000000080200000| PB 0x0000000080100000| Complete 
|   2|0x0000000080200000, 0x0000000080300000, 0x0000000080300000|100%|HC|  |TAMS 0x0000000080300000| PB 0x0000000080200000| Complete 
|   3|0x0000000080300000, 0x0000000080400000, 0x0000000080400000|100%|HC|  |TAMS 0x0000000080400000| PB 0x0000000080300000| Complete 
|   4|0x0000000080400000, 0x0000000080500000, 0x0000000080500000|100%| O|  |TAMS 0x0000000080500000| PB 0x0000000080500000| Untracked 
|   5|0x0000000080500000, 0x0000000080600000, 0x0000000080600000|100%| O|  |TAMS 0x0000000080600000| PB 0x0000000080600000| Untracked 
|   6|0x0000000080600000, 0x0000000080700000, 0x0000000080700000|100%| O|  |TAMS 0x0000000080700000| PB 0x0000000080700000| Untracked 
|   7|0x0000000080700000, 0x0000000080800000, 0x0000000080800000|100%| O|  |TAMS 0x0000000080800000| PB 0x0000000080800000| Updating 
|   8|0x0000000080800000, 0x0000000080900000, 0x0000000080900000|100%| O|  |TAMS 0x0000000080900000| PB 0x0000000080900000| Untracked 
|   9|0x0000000080900000, 0x0000000080a00000, 0x0000000080a00000|100%| O|  |TAMS 0x0000000080a00000| PB 0x0000000080a00000| Untracked 
|  10|0x0000000080a00000, 0x0000000080b00000, 0x0000000080b00000|100%| O|  |TAMS 0x0000000080b00000| PB 0x0000000080b00000| Untracked 
|  11|0x0000000080b00000, 0x0000000080c00000, 0x0000000080c00000|100%| O|  |TAMS 0x0000000080c00000| PB 0x0000000080c00000| Untracked 
|  12|0x0000000080c00000, 0x0000000080d00000, 0x0000000080d00000|100%|HS|  |TAMS 0x0000000080d00000| PB 0x0000000080c00000| Complete 
|  13|0x0000000080d00000, 0x0000000080e00000, 0x0000000080e00000|100%| O|  |TAMS 0x0000000080e00000| PB 0x0000000080e00000| Untracked 
|  14|0x0000000080e00000, 0x0000000080f00000, 0x0000000080f00000|100%| O|  |TAMS 0x0000000080f00000| PB 0x0000000080f00000| Untracked 
|  15|0x0000000080f00000, 0x0000000081000000, 0x0000000081000000|100%| O|  |TAMS 0x0000000081000000| PB 0x0000000081000000| Untracked 
|  16|0x0000000081000000, 0x0000000081100000, 0x0000000081100000|100%| O|  |TAMS 0x0000000081100000| PB 0x0000000081100000| Untracked 
|  17|0x0000000081100000, 0x0000000081200000, 0x0000000081200000|100%|HS|  |TAMS 0x0000000081200000| PB 0x0000000081100000| Complete 
|  18|0x0000000081200000, 0x0000000081300000, 0x0000000081300000|100%|HC|  |TAMS 0x0000000081300000| PB 0x0000000081200000| Complete 
|  19|0x0000000081300000, 0x0000000081400000, 0x0000000081400000|100%| O|  |TAMS 0x0000000081400000| PB 0x0000000081400000| Untracked 
|  20|0x0000000081400000, 0x0000000081500000, 0x0000000081500000|100%| O|  |TAMS 0x0000000081500000| PB 0x0000000081500000| Updating 
|  21|0x0000000081500000, 0x0000000081600000, 0x0000000081600000|100%| O|  |TAMS 0x0000000081600000| PB 0x0000000081600000| Untracked 
|  22|0x0000000081600000, 0x0000000081700000, 0x0000000081700000|100%| O|  |TAMS 0x0000000081700000| PB 0x0000000081700000| Untracked 
|  23|0x0000000081700000, 0x0000000081800000, 0x0000000081800000|100%| O|  |TAMS 0x0000000081800000| PB 0x0000000081800000| Untracked 
|  24|0x0000000081800000, 0x0000000081900000, 0x0000000081900000|100%| O|  |TAMS 0x0000000081900000| PB 0x0000000081900000| Untracked 
|  25|0x0000000081900000, 0x0000000081a00000, 0x0000000081a00000|100%| O|  |TAMS 0x0000000081a00000| PB 0x0000000081a00000| Untracked 
|  26|0x0000000081a00000, 0x0000000081b00000, 0x0000000081b00000|100%| O|  |TAMS 0x0000000081b00000| PB 0x0000000081b00000| Untracked 
|  27|0x0000000081b00000, 0x0000000081c00000, 0x0000000081c00000|100%| O|  |TAMS 0x0000000081c00000| PB 0x0000000081c00000| Untracked 
|  28|0x0000000081c00000, 0x0000000081d00000, 0x0000000081d00000|100%| O|  |TAMS 0x0000000081d00000| PB 0x0000000081d00000| Untracked 
|  29|0x0000000081d00000, 0x0000000081e00000, 0x0000000081e00000|100%| O|  |TAMS 0x0000000081e00000| PB 0x0000000081e00000| Untracked 
|  30|0x0000000081e00000, 0x0000000081f00000, 0x0000000081f00000|100%| O|  |TAMS 0x0000000081f00000| PB 0x0000000081f00000| Updating 
|  31|0x0000000081f00000, 0x0000000082000000, 0x0000000082000000|100%| O|  |TAMS 0x0000000082000000| PB 0x0000000082000000| Untracked 
|  32|0x0000000082000000, 0x0000000082100000, 0x0000000082100000|100%| O|  |TAMS 0x0000000082100000| PB 0x0000000082100000| Untracked 
|  33|0x0000000082100000, 0x0000000082200000, 0x0000000082200000|100%| O|  |TAMS 0x0000000082200000| PB 0x0000000082200000| Untracked 
|  34|0x0000000082200000, 0x0000000082300000, 0x0000000082300000|100%| O|  |TAMS 0x0000000082300000| PB 0x0000000082300000| Untracked 
|  35|0x0000000082300000, 0x0000000082400000, 0x0000000082400000|100%| O|  |TAMS 0x0000000082400000| PB 0x0000000082400000| Untracked 
|  36|0x0000000082400000, 0x0000000082500000, 0x0000000082500000|100%| O|  |TAMS 0x0000000082500000| PB 0x0000000082500000| Untracked 
|  37|0x0000000082500000, 0x0000000082600000, 0x0000000082600000|100%| O|  |TAMS 0x0000000082600000| PB 0x0000000082600000| Untracked 
|  38|0x0000000082600000, 0x0000000082700000, 0x0000000082700000|100%| O|  |TAMS 0x0000000082700000| PB 0x0000000082700000| Untracked 
|  39|0x0000000082700000, 0x0000000082800000, 0x0000000082800000|100%| O|  |TAMS 0x0000000082800000| PB 0x0000000082800000| Untracked 
|  40|0x0000000082800000, 0x0000000082900000, 0x0000000082900000|100%| O|  |TAMS 0x0000000082900000| PB 0x0000000082900000| Untracked 
|  41|0x0000000082900000, 0x0000000082a00000, 0x0000000082a00000|100%| O|  |TAMS 0x0000000082a00000| PB 0x0000000082a00000| Untracked 
|  42|0x0000000082a00000, 0x0000000082b00000, 0x0000000082b00000|100%| O|  |TAMS 0x0000000082b00000| PB 0x0000000082b00000| Untracked 
|  43|0x0000000082b00000, 0x0000000082c00000, 0x0000000082c00000|100%|HS|  |TAMS 0x0000000082c00000| PB 0x0000000082b00000| Complete 
|  44|0x0000000082c00000, 0x0000000082d00000, 0x0000000082d00000|100%|HS|  |TAMS 0x0000000082d00000| PB 0x0000000082c00000| Complete 
|  45|0x0000000082d00000, 0x0000000082e00000, 0x0000000082e00000|100%|HC|  |TAMS 0x0000000082e00000| PB 0x0000000082d00000| Complete 
|  46|0x0000000082e00000, 0x0000000082f00000, 0x0000000082f00000|100%|HS|  |TAMS 0x0000000082f00000| PB 0x0000000082e00000| Complete 
|  47|0x0000000082f00000, 0x0000000083000000, 0x0000000083000000|100%|HC|  |TAMS 0x0000000083000000| PB 0x0000000082f00000| Complete 
|  48|0x0000000083000000, 0x0000000083100000, 0x0000000083100000|100%|HS|  |TAMS 0x0000000083100000| PB 0x0000000083000000| Complete 
|  49|0x0000000083100000, 0x0000000083200000, 0x0000000083200000|100%|HS|  |TAMS 0x0000000083200000| PB 0x0000000083100000| Complete 
|  50|0x0000000083200000, 0x0000000083300000, 0x0000000083300000|100%|HC|  |TAMS 0x0000000083300000| PB 0x0000000083200000| Complete 
|  51|0x0000000083300000, 0x0000000083400000, 0x0000000083400000|100%|HC|  |TAMS 0x0000000083400000| PB 0x0000000083300000| Complete 
|  52|0x0000000083400000, 0x0000000083500000, 0x0000000083500000|100%|HC|  |TAMS 0x0000000083500000| PB 0x0000000083400000| Complete 
|  53|0x0000000083500000, 0x0000000083600000, 0x0000000083600000|100%| O|  |TAMS 0x0000000083600000| PB 0x0000000083600000| Untracked 
|  54|0x0000000083600000, 0x0000000083700000, 0x0000000083700000|100%| O|  |TAMS 0x0000000083700000| PB 0x0000000083700000| Untracked 
|  55|0x0000000083700000, 0x0000000083800000, 0x0000000083800000|100%| O|  |TAMS 0x0000000083800000| PB 0x0000000083800000| Untracked 
|  56|0x0000000083800000, 0x0000000083900000, 0x0000000083900000|100%| O|  |TAMS 0x0000000083900000| PB 0x0000000083900000| Untracked 
|  57|0x0000000083900000, 0x0000000083a00000, 0x0000000083a00000|100%| O|  |TAMS 0x0000000083900000| PB 0x0000000083900000| Untracked 
|  58|0x0000000083a00000, 0x0000000083b00000, 0x0000000083b00000|100%|HS|  |TAMS 0x0000000083b00000| PB 0x0000000083a00000| Complete 
|  59|0x0000000083b00000, 0x0000000083c00000, 0x0000000083c00000|100%|HS|  |TAMS 0x0000000083c00000| PB 0x0000000083b00000| Complete 
|  60|0x0000000083c00000, 0x0000000083d00000, 0x0000000083d00000|100%| O|  |TAMS 0x0000000083d00000| PB 0x0000000083d00000| Untracked 
|  61|0x0000000083d00000, 0x0000000083e00000, 0x0000000083e00000|100%| O|  |TAMS 0x0000000083e00000| PB 0x0000000083e00000| Untracked 
|  62|0x0000000083e00000, 0x0000000083f00000, 0x0000000083f00000|100%| O|  |TAMS 0x0000000083f00000| PB 0x0000000083f00000| Untracked 
|  63|0x0000000083f00000, 0x0000000084000000, 0x0000000084000000|100%| O|  |TAMS 0x0000000084000000| PB 0x0000000084000000| Untracked 
|  64|0x0000000084000000, 0x0000000084100000, 0x0000000084100000|100%| O|  |TAMS 0x0000000084000000| PB 0x0000000084000000| Untracked 
|  65|0x0000000084100000, 0x0000000084200000, 0x0000000084200000|100%| O|  |TAMS 0x0000000084200000| PB 0x0000000084200000| Untracked 
|  66|0x0000000084200000, 0x0000000084300000, 0x0000000084300000|100%| O|  |TAMS 0x0000000084300000| PB 0x0000000084300000| Untracked 
|  67|0x0000000084300000, 0x0000000084400000, 0x0000000084400000|100%| O|  |TAMS 0x0000000084400000| PB 0x0000000084400000| Untracked 
|  68|0x0000000084400000, 0x0000000084500000, 0x0000000084500000|100%| O|  |TAMS 0x0000000084500000| PB 0x0000000084500000| Updating 
|  69|0x0000000084500000, 0x0000000084600000, 0x0000000084600000|100%|HS|  |TAMS 0x0000000084600000| PB 0x0000000084500000| Complete 
|  70|0x0000000084600000, 0x0000000084700000, 0x0000000084700000|100%|HC|  |TAMS 0x0000000084700000| PB 0x0000000084600000| Complete 
|  71|0x0000000084700000, 0x0000000084800000, 0x0000000084800000|100%|HC|  |TAMS 0x0000000084800000| PB 0x0000000084700000| Complete 
|  72|0x0000000084800000, 0x0000000084900000, 0x0000000084900000|100%|HC|  |TAMS 0x0000000084900000| PB 0x0000000084800000| Complete 
|  73|0x0000000084900000, 0x0000000084a00000, 0x0000000084a00000|100%| O|  |TAMS 0x0000000084a00000| PB 0x0000000084a00000| Untracked 
|  74|0x0000000084a00000, 0x0000000084b00000, 0x0000000084b00000|100%| O|  |TAMS 0x0000000084b00000| PB 0x0000000084b00000| Untracked 
|  75|0x0000000084b00000, 0x0000000084c00000, 0x0000000084c00000|100%| O|  |TAMS 0x0000000084c00000| PB 0x0000000084c00000| Untracked 
|  76|0x0000000084c00000, 0x0000000084d00000, 0x0000000084d00000|100%| O|  |TAMS 0x0000000084d00000| PB 0x0000000084d00000| Untracked 
|  77|0x0000000084d00000, 0x0000000084e00000, 0x0000000084e00000|100%| O|  |TAMS 0x0000000084e00000| PB 0x0000000084e00000| Updating 
|  78|0x0000000084e00000, 0x0000000084f00000, 0x0000000084f00000|100%| O|  |TAMS 0x0000000084f00000| PB 0x0000000084f00000| Untracked 
|  79|0x0000000084f00000, 0x0000000085000000, 0x0000000085000000|100%| O|  |TAMS 0x0000000085000000| PB 0x0000000085000000| Untracked 
|  80|0x0000000085000000, 0x0000000085100000, 0x0000000085100000|100%| O|  |TAMS 0x0000000085100000| PB 0x0000000085100000| Untracked 
|  81|0x0000000085100000, 0x0000000085200000, 0x0000000085200000|100%| O|  |TAMS 0x0000000085200000| PB 0x0000000085200000| Untracked 
|  82|0x0000000085200000, 0x0000000085300000, 0x0000000085300000|100%| O|  |TAMS 0x0000000085300000| PB 0x0000000085300000| Untracked 
|  83|0x0000000085300000, 0x0000000085400000, 0x0000000085400000|100%| O|  |TAMS 0x0000000085400000| PB 0x0000000085400000| Untracked 
|  84|0x0000000085400000, 0x0000000085500000, 0x0000000085500000|100%| O|  |TAMS 0x0000000085500000| PB 0x0000000085500000| Untracked 
|  85|0x0000000085500000, 0x0000000085600000, 0x0000000085600000|100%| O|  |TAMS 0x0000000085600000| PB 0x0000000085600000| Updating 
|  86|0x0000000085600000, 0x0000000085700000, 0x0000000085700000|100%| O|  |TAMS 0x0000000085700000| PB 0x0000000085700000| Untracked 
|  87|0x0000000085700000, 0x0000000085800000, 0x0000000085800000|100%| O|  |TAMS 0x0000000085800000| PB 0x0000000085800000| Untracked 
|  88|0x0000000085800000, 0x0000000085900000, 0x0000000085900000|100%| O|  |TAMS 0x0000000085900000| PB 0x0000000085900000| Untracked 
|  89|0x0000000085900000, 0x0000000085a00000, 0x0000000085a00000|100%| O|  |TAMS 0x0000000085a00000| PB 0x0000000085a00000| Updating 
|  90|0x0000000085a00000, 0x0000000085b00000, 0x0000000085b00000|100%| O|  |TAMS 0x0000000085b00000| PB 0x0000000085b00000| Untracked 
|  91|0x0000000085b00000, 0x0000000085c00000, 0x0000000085c00000|100%| O|  |TAMS 0x0000000085c00000| PB 0x0000000085c00000| Updating 
|  92|0x0000000085c00000, 0x0000000085d00000, 0x0000000085d00000|100%| O|  |TAMS 0x0000000085d00000| PB 0x0000000085d00000| Untracked 
|  93|0x0000000085d00000, 0x0000000085e00000, 0x0000000085e00000|100%| O|  |TAMS 0x0000000085e00000| PB 0x0000000085e00000| Untracked 
|  94|0x0000000085e00000, 0x0000000085f00000, 0x0000000085f00000|100%| O|  |TAMS 0x0000000085f00000| PB 0x0000000085f00000| Untracked 
|  95|0x0000000085f00000, 0x0000000086000000, 0x0000000086000000|100%| O|  |TAMS 0x0000000086000000| PB 0x0000000086000000| Untracked 
|  96|0x0000000086000000, 0x0000000086100000, 0x0000000086100000|100%| O|  |TAMS 0x0000000086100000| PB 0x0000000086100000| Untracked 
|  97|0x0000000086100000, 0x0000000086200000, 0x0000000086200000|100%| O|  |TAMS 0x0000000086200000| PB 0x0000000086200000| Updating 
|  98|0x0000000086200000, 0x0000000086300000, 0x0000000086300000|100%| O|  |TAMS 0x0000000086300000| PB 0x0000000086300000| Untracked 
|  99|0x0000000086300000, 0x0000000086400000, 0x0000000086400000|100%| O|  |TAMS 0x0000000086400000| PB 0x0000000086400000| Untracked 
| 100|0x0000000086400000, 0x0000000086500000, 0x0000000086500000|100%| O|  |TAMS 0x0000000086500000| PB 0x0000000086500000| Updating 
| 101|0x0000000086500000, 0x0000000086600000, 0x0000000086600000|100%| O|  |TAMS 0x0000000086600000| PB 0x0000000086600000| Untracked 
| 102|0x0000000086600000, 0x0000000086700000, 0x0000000086700000|100%| O|  |TAMS 0x0000000086700000| PB 0x0000000086700000| Untracked 
| 103|0x0000000086700000, 0x0000000086800000, 0x0000000086800000|100%| O|  |TAMS 0x0000000086800000| PB 0x0000000086800000| Untracked 
| 104|0x0000000086800000, 0x0000000086900000, 0x0000000086900000|100%| O|  |TAMS 0x0000000086900000| PB 0x0000000086900000| Updating 
| 105|0x0000000086900000, 0x0000000086a00000, 0x0000000086a00000|100%| O|  |TAMS 0x0000000086a00000| PB 0x0000000086a00000| Updating 
| 106|0x0000000086a00000, 0x0000000086b00000, 0x0000000086b00000|100%| O|  |TAMS 0x0000000086a64d88| PB 0x0000000086a64d88| Updating 
| 107|0x0000000086b00000, 0x0000000086c00000, 0x0000000086c00000|100%| O|  |TAMS 0x0000000086b00000| PB 0x0000000086b00000| Untracked 
| 108|0x0000000086c00000, 0x0000000086c66558, 0x0000000086d00000| 39%| O|  |TAMS 0x0000000086c00000| PB 0x0000000086c00000| Updating 
| 109|0x0000000086d00000, 0x0000000086d00000, 0x0000000086e00000|  0%| F|  |TAMS 0x0000000086d00000| PB 0x0000000086d00000| Untracked 
| 110|0x0000000086e00000, 0x0000000086e00000, 0x0000000086f00000|  0%| F|  |TAMS 0x0000000086e00000| PB 0x0000000086e00000| Untracked 
| 111|0x0000000086f00000, 0x0000000087000000, 0x0000000087000000|100%| O|  |TAMS 0x0000000087000000| PB 0x0000000087000000| Untracked 
| 112|0x0000000087000000, 0x0000000087100000, 0x0000000087100000|100%| O|  |TAMS 0x0000000087100000| PB 0x0000000087100000| Updating 
| 113|0x0000000087100000, 0x0000000087100000, 0x0000000087200000|  0%| F|  |TAMS 0x0000000087100000| PB 0x0000000087100000| Untracked 
| 114|0x0000000087200000, 0x0000000087200000, 0x0000000087300000|  0%| F|  |TAMS 0x0000000087200000| PB 0x0000000087200000| Untracked 
| 115|0x0000000087300000, 0x0000000087300000, 0x0000000087400000|  0%| F|  |TAMS 0x0000000087300000| PB 0x0000000087300000| Untracked 
| 116|0x0000000087400000, 0x0000000087400000, 0x0000000087500000|  0%| F|  |TAMS 0x0000000087400000| PB 0x0000000087400000| Untracked 
| 117|0x0000000087500000, 0x0000000087500000, 0x0000000087600000|  0%| F|  |TAMS 0x0000000087500000| PB 0x0000000087500000| Untracked 
| 118|0x0000000087600000, 0x0000000087600000, 0x0000000087700000|  0%| F|  |TAMS 0x0000000087600000| PB 0x0000000087600000| Untracked 
| 119|0x0000000087700000, 0x0000000087700000, 0x0000000087800000|  0%| F|  |TAMS 0x0000000087700000| PB 0x0000000087700000| Untracked 
| 120|0x0000000087800000, 0x0000000087800000, 0x0000000087900000|  0%| F|  |TAMS 0x0000000087800000| PB 0x0000000087800000| Untracked 
| 121|0x0000000087900000, 0x0000000087900000, 0x0000000087a00000|  0%| F|  |TAMS 0x0000000087900000| PB 0x0000000087900000| Untracked 
| 122|0x0000000087a00000, 0x0000000087a00000, 0x0000000087b00000|  0%| F|  |TAMS 0x0000000087a00000| PB 0x0000000087a00000| Untracked 
| 123|0x0000000087b00000, 0x0000000087b00000, 0x0000000087c00000|  0%| F|  |TAMS 0x0000000087b00000| PB 0x0000000087b00000| Untracked 
| 124|0x0000000087c00000, 0x0000000087c00000, 0x0000000087d00000|  0%| F|  |TAMS 0x0000000087c00000| PB 0x0000000087c00000| Untracked 
| 125|0x0000000087d00000, 0x0000000087daca00, 0x0000000087e00000| 67%| S|CS|TAMS 0x0000000087d00000| PB 0x0000000087d00000| Complete 
| 126|0x0000000087e00000, 0x0000000087f00000, 0x0000000087f00000|100%| S|CS|TAMS 0x0000000087e00000| PB 0x0000000087e00000| Complete 
| 127|0x0000000087f00000, 0x0000000087f00000, 0x0000000088000000|  0%| F|  |TAMS 0x0000000087f00000| PB 0x0000000087f00000| Untracked 
| 128|0x0000000088000000, 0x0000000088000000, 0x0000000088100000|  0%| F|  |TAMS 0x0000000088000000| PB 0x0000000088000000| Untracked 
| 129|0x0000000088100000, 0x0000000088100000, 0x0000000088200000|  0%| F|  |TAMS 0x0000000088100000| PB 0x0000000088100000| Untracked 
| 130|0x0000000088200000, 0x0000000088200000, 0x0000000088300000|  0%| F|  |TAMS 0x0000000088200000| PB 0x0000000088200000| Untracked 
| 131|0x0000000088300000, 0x0000000088300000, 0x0000000088400000|  0%| F|  |TAMS 0x0000000088300000| PB 0x0000000088300000| Untracked 
| 132|0x0000000088400000, 0x0000000088400000, 0x0000000088500000|  0%| F|  |TAMS 0x0000000088400000| PB 0x0000000088400000| Untracked 
| 133|0x0000000088500000, 0x0000000088500000, 0x0000000088600000|  0%| F|  |TAMS 0x0000000088500000| PB 0x0000000088500000| Untracked 
| 134|0x0000000088600000, 0x0000000088600000, 0x0000000088700000|  0%| F|  |TAMS 0x0000000088600000| PB 0x0000000088600000| Untracked 
| 135|0x0000000088700000, 0x0000000088700000, 0x0000000088800000|  0%| F|  |TAMS 0x0000000088700000| PB 0x0000000088700000| Untracked 
| 136|0x0000000088800000, 0x0000000088800000, 0x0000000088900000|  0%| F|  |TAMS 0x0000000088800000| PB 0x0000000088800000| Untracked 
| 137|0x0000000088900000, 0x0000000088900000, 0x0000000088a00000|  0%| F|  |TAMS 0x0000000088900000| PB 0x0000000088900000| Untracked 
| 138|0x0000000088a00000, 0x0000000088a00000, 0x0000000088b00000|  0%| F|  |TAMS 0x0000000088a00000| PB 0x0000000088a00000| Untracked 
| 139|0x0000000088b00000, 0x0000000088b00000, 0x0000000088c00000|  0%| F|  |TAMS 0x0000000088b00000| PB 0x0000000088b00000| Untracked 
| 140|0x0000000088c00000, 0x0000000088c00000, 0x0000000088d00000|  0%| F|  |TAMS 0x0000000088c00000| PB 0x0000000088c00000| Untracked 
| 141|0x0000000088d00000, 0x0000000088d00000, 0x0000000088e00000|  0%| F|  |TAMS 0x0000000088d00000| PB 0x0000000088d00000| Untracked 
| 142|0x0000000088e00000, 0x0000000088e00000, 0x0000000088f00000|  0%| F|  |TAMS 0x0000000088e00000| PB 0x0000000088e00000| Untracked 
| 143|0x0000000088f00000, 0x0000000088f00000, 0x0000000089000000|  0%| F|  |TAMS 0x0000000088f00000| PB 0x0000000088f00000| Untracked 
| 144|0x0000000089000000, 0x0000000089000000, 0x0000000089100000|  0%| F|  |TAMS 0x0000000089000000| PB 0x0000000089000000| Untracked 
| 145|0x0000000089100000, 0x0000000089100000, 0x0000000089200000|  0%| F|  |TAMS 0x0000000089100000| PB 0x0000000089100000| Untracked 
| 146|0x0000000089200000, 0x0000000089200000, 0x0000000089300000|  0%| F|  |TAMS 0x0000000089200000| PB 0x0000000089200000| Untracked 
| 147|0x0000000089300000, 0x0000000089300000, 0x0000000089400000|  0%| F|  |TAMS 0x0000000089300000| PB 0x0000000089300000| Untracked 
| 148|0x0000000089400000, 0x0000000089400000, 0x0000000089500000|  0%| F|  |TAMS 0x0000000089400000| PB 0x0000000089400000| Untracked 
| 149|0x0000000089500000, 0x0000000089500000, 0x0000000089600000|  0%| F|  |TAMS 0x0000000089500000| PB 0x0000000089500000| Untracked 
| 150|0x0000000089600000, 0x0000000089600000, 0x0000000089700000|  0%| F|  |TAMS 0x0000000089600000| PB 0x0000000089600000| Untracked 
| 151|0x0000000089700000, 0x0000000089700000, 0x0000000089800000|  0%| F|  |TAMS 0x0000000089700000| PB 0x0000000089700000| Untracked 
| 152|0x0000000089800000, 0x0000000089800000, 0x0000000089900000|  0%| F|  |TAMS 0x0000000089800000| PB 0x0000000089800000| Untracked 
| 153|0x0000000089900000, 0x0000000089900000, 0x0000000089a00000|  0%| F|  |TAMS 0x0000000089900000| PB 0x0000000089900000| Untracked 
| 154|0x0000000089a00000, 0x0000000089a00000, 0x0000000089b00000|  0%| F|  |TAMS 0x0000000089a00000| PB 0x0000000089a00000| Untracked 
| 155|0x0000000089b00000, 0x0000000089b00000, 0x0000000089c00000|  0%| F|  |TAMS 0x0000000089b00000| PB 0x0000000089b00000| Untracked 
| 156|0x0000000089c00000, 0x0000000089c00000, 0x0000000089d00000|  0%| F|  |TAMS 0x0000000089c00000| PB 0x0000000089c00000| Untracked 
| 157|0x0000000089d00000, 0x0000000089d00000, 0x0000000089e00000|  0%| F|  |TAMS 0x0000000089d00000| PB 0x0000000089d00000| Untracked 
| 158|0x0000000089e00000, 0x0000000089e00000, 0x0000000089f00000|  0%| F|  |TAMS 0x0000000089e00000| PB 0x0000000089e00000| Untracked 
| 159|0x0000000089f00000, 0x0000000089f00000, 0x000000008a000000|  0%| F|  |TAMS 0x0000000089f00000| PB 0x0000000089f00000| Untracked 
| 160|0x000000008a000000, 0x000000008a000000, 0x000000008a100000|  0%| F|  |TAMS 0x000000008a000000| PB 0x000000008a000000| Untracked 
| 161|0x000000008a100000, 0x000000008a100000, 0x000000008a200000|  0%| F|  |TAMS 0x000000008a100000| PB 0x000000008a100000| Untracked 
| 162|0x000000008a200000, 0x000000008a200000, 0x000000008a300000|  0%| F|  |TAMS 0x000000008a200000| PB 0x000000008a200000| Untracked 
| 163|0x000000008a300000, 0x000000008a300000, 0x000000008a400000|  0%| F|  |TAMS 0x000000008a300000| PB 0x000000008a300000| Untracked 
| 164|0x000000008a400000, 0x000000008a400000, 0x000000008a500000|  0%| F|  |TAMS 0x000000008a400000| PB 0x000000008a400000| Untracked 
| 165|0x000000008a500000, 0x000000008a500000, 0x000000008a600000|  0%| F|  |TAMS 0x000000008a500000| PB 0x000000008a500000| Untracked 
| 166|0x000000008a600000, 0x000000008a600000, 0x000000008a700000|  0%| F|  |TAMS 0x000000008a600000| PB 0x000000008a600000| Untracked 
| 167|0x000000008a700000, 0x000000008a700000, 0x000000008a800000|  0%| F|  |TAMS 0x000000008a700000| PB 0x000000008a700000| Untracked 
| 168|0x000000008a800000, 0x000000008a800000, 0x000000008a900000|  0%| F|  |TAMS 0x000000008a800000| PB 0x000000008a800000| Untracked 
| 169|0x000000008a900000, 0x000000008a900000, 0x000000008aa00000|  0%| F|  |TAMS 0x000000008a900000| PB 0x000000008a900000| Untracked 
| 170|0x000000008aa00000, 0x000000008aa00000, 0x000000008ab00000|  0%| F|  |TAMS 0x000000008aa00000| PB 0x000000008aa00000| Untracked 
| 171|0x000000008ab00000, 0x000000008ab00000, 0x000000008ac00000|  0%| F|  |TAMS 0x000000008ab00000| PB 0x000000008ab00000| Untracked 
| 172|0x000000008ac00000, 0x000000008ac00000, 0x000000008ad00000|  0%| F|  |TAMS 0x000000008ac00000| PB 0x000000008ac00000| Untracked 
|2031|0x00000000fef00000, 0x00000000fef00000, 0x00000000ff000000|  0%| F|  |TAMS 0x00000000fef00000| PB 0x00000000fef00000| Untracked 
|2032|0x00000000ff000000, 0x00000000ff100000, 0x00000000ff100000|100%| O|  |TAMS 0x00000000ff100000| PB 0x00000000ff100000| Untracked 
|2033|0x00000000ff100000, 0x00000000ff200000, 0x00000000ff200000|100%| O|  |TAMS 0x00000000ff200000| PB 0x00000000ff200000| Untracked 
|2034|0x00000000ff200000, 0x00000000ff300000, 0x00000000ff300000|100%| O|  |TAMS 0x00000000ff300000| PB 0x00000000ff300000| Updating 
|2035|0x00000000ff300000, 0x00000000ff400000, 0x00000000ff400000|100%| O|  |TAMS 0x00000000ff400000| PB 0x00000000ff400000| Untracked 
|2036|0x00000000ff400000, 0x00000000ff500000, 0x00000000ff500000|100%| O|  |TAMS 0x00000000ff500000| PB 0x00000000ff500000| Untracked 
|2037|0x00000000ff500000, 0x00000000ff600000, 0x00000000ff600000|100%| O|  |TAMS 0x00000000ff600000| PB 0x00000000ff600000| Updating 
|2038|0x00000000ff600000, 0x00000000ff600000, 0x00000000ff700000|  0%| F|  |TAMS 0x00000000ff600000| PB 0x00000000ff600000| Untracked 
|2039|0x00000000ff700000, 0x00000000ff7afbd8, 0x00000000ff800000| 68%| E|  |TAMS 0x00000000ff700000| PB 0x00000000ff700000| Complete 
|2040|0x00000000ff800000, 0x00000000ff900000, 0x00000000ff900000|100%| O|  |TAMS 0x00000000ff900000| PB 0x00000000ff900000| Untracked 
|2041|0x00000000ff900000, 0x00000000ffa00000, 0x00000000ffa00000|100%| O|  |TAMS 0x00000000ffa00000| PB 0x00000000ffa00000| Untracked 
|2042|0x00000000ffa00000, 0x00000000ffb00000, 0x00000000ffb00000|100%| O|  |TAMS 0x00000000ffb00000| PB 0x00000000ffb00000| Untracked 
|2043|0x00000000ffb00000, 0x00000000ffc00000, 0x00000000ffc00000|100%| O|  |TAMS 0x00000000ffc00000| PB 0x00000000ffc00000| Untracked 
|2044|0x00000000ffc00000, 0x00000000ffd00000, 0x00000000ffd00000|100%| O|  |TAMS 0x00000000ffd00000| PB 0x00000000ffd00000| Untracked 
|2045|0x00000000ffd00000, 0x00000000ffe00000, 0x00000000ffe00000|100%| E|CS|TAMS 0x00000000ffd00000| PB 0x00000000ffd00000| Complete 
|2046|0x00000000ffe00000, 0x00000000fff00000, 0x00000000fff00000|100%| O|  |TAMS 0x00000000fff00000| PB 0x00000000fff00000| Untracked 
|2047|0x00000000fff00000, 0x0000000100000000, 0x0000000100000000|100%| O|  |TAMS 0x0000000100000000| PB 0x0000000100000000| Untracked 

Card table byte_map: [0x00000258338e0000,0x0000025833ce0000] _byte_map_base: 0x00000258334e0000

Marking Bits: (CMBitMap*) 0x0000025820e92540
 Bits: [0x0000025833ce0000, 0x0000025835ce0000)

Polling page: 0x000002581ec50000

Metaspace:

Usage:
  Non-class:    102.19 MB used.
      Class:     16.50 MB used.
       Both:    118.69 MB used.

Virtual space:
  Non-class space:      128.00 MB reserved,     103.19 MB ( 81%) committed,  2 nodes.
      Class space:        1.00 GB reserved,      17.44 MB (  2%) committed,  1 nodes.
             Both:        1.12 GB reserved,     120.62 MB ( 10%) committed. 

Chunk freelists:
   Non-Class:  8.72 MB
       Class:  14.59 MB
        Both:  23.32 MB

MaxMetaspaceSize: unlimited
CompressedClassSpaceSize: 1.00 GB
Initial GC threshold: 21.00 MB
Current GC threshold: 193.25 MB
CDS: off
 - commit_granule_bytes: 65536.
 - commit_granule_words: 8192.
 - virtual_space_node_default_size: 8388608.
 - enlarge_chunks_in_place: 1.
 - use_allocation_guard: 0.


Internal statistics:

num_allocs_failed_limit: 9.
num_arena_births: 3988.
num_arena_deaths: 10.
num_vsnodes_births: 3.
num_vsnodes_deaths: 0.
num_space_committed: 1929.
num_space_uncommitted: 0.
num_chunks_returned_to_freelist: 32.
num_chunks_taken_from_freelist: 8993.
num_chunk_merges: 11.
num_chunk_splits: 5973.
num_chunks_enlarged: 3861.
num_inconsistent_stats: 0.

CodeHeap 'non-profiled nmethods': size=120000Kb used=7890Kb max_used=8024Kb free=112110Kb
 bounds [0x000002582ba60000, 0x000002582c240000, 0x0000025832f90000]
CodeHeap 'profiled nmethods': size=120000Kb used=24268Kb max_used=24796Kb free=95732Kb
 bounds [0x0000025823f90000, 0x00000258257d0000, 0x000002582b4c0000]
CodeHeap 'non-nmethods': size=5760Kb used=2865Kb max_used=2924Kb free=2895Kb
 bounds [0x000002582b4c0000, 0x000002582b7a0000, 0x000002582ba60000]
CodeCache: size=245760Kb, used=35023Kb, max_used=35744Kb, free=210737Kb
 total_blobs=13959, nmethods=12978, adapters=883, full_count=0
Compilation: enabled, stopped_count=0, restarted_count=0

Compilation events (20 events):
Event: 861.696 Thread 0x0000025838b4acc0 15242       1       org.gradle.caching.internal.origin.OriginMetadata::getBuildCacheKey (5 bytes)
Event: 861.700 Thread 0x0000025838b4acc0 nmethod 15242 0x000002582c235490 code [0x000002582c235620, 0x000002582c2356e8]
Event: 861.727 Thread 0x0000025838b4acc0 15243       3       org.gradle.internal.snapshot.PartialDirectoryNode::getSnapshot (7 bytes)
Event: 861.736 Thread 0x0000025838b4acc0 nmethod 15243 0x00000258257c2690 code [0x00000258257c2860, 0x00000258257c2bb0]
Event: 861.746 Thread 0x0000025838b4acc0 15244       1       org.gradle.caching.internal.origin.OriginMetadata::getExecutionTime (5 bytes)
Event: 861.751 Thread 0x0000025838b4acc0 nmethod 15244 0x000002582c235790 code [0x000002582c235920, 0x000002582c2359e8]
Event: 861.825 Thread 0x0000025838b2c460 15245       4       java.util.HashMap::afterNodeRemoval (1 bytes)
Event: 861.826 Thread 0x0000025838b2c460 nmethod 15245 0x000002582c235a90 code [0x000002582c235c20, 0x000002582c235ca8]
Event: 861.933 Thread 0x0000025838b4acc0 15246       3       com.google.common.reflect.TypeResolver::covariantly (15 bytes)
Event: 861.956 Thread 0x0000025838b4acc0 nmethod 15246 0x00000258257c2d10 code [0x00000258257c2f20, 0x00000258257c35a0]
Event: 861.956 Thread 0x0000025838b4acc0 15248       3       com.google.common.reflect.TypeResolver$TypeTable::where (115 bytes)
Event: 862.009 Thread 0x0000025838b4acc0 nmethod 15248 0x00000258257c3810 code [0x00000258257c3b20, 0x00000258257c5028]
Event: 862.153 Thread 0x0000025838b4acc0 15249       1       org.gradle.internal.execution.steps.AssignImmutableWorkspaceStep::access$000 (5 bytes)
Event: 862.159 Thread 0x0000025838b4acc0 nmethod 15249 0x000002582c235d90 code [0x000002582c235f20, 0x000002582c235fd0]
Event: 863.534 Thread 0x0000025838b4acc0 15250       3       org.gradle.internal.snapshot.AbstractInvalidateChildHandler::handleExactMatchWithChild (6 bytes)
Event: 863.635 Thread 0x0000025838b4acc0 nmethod 15250 0x00000258257c5610 code [0x00000258257c5800, 0x00000258257c5d70]
Event: 863.650 Thread 0x0000025838b4acc0 15252       3       org.gradle.internal.snapshot.AbstractIncompleteFileSystemNode::rootSnapshots (30 bytes)
Event: 863.727 Thread 0x0000025838b4acc0 nmethod 15252 0x00000258257c5f90 code [0x00000258257c61a0, 0x00000258257c6868]
Event: 863.877 Thread 0x0000025838b4acc0 15253       3       org.gradle.internal.vfs.impl.DefaultFileSystemAccess$$Lambda/0x00000001005f17f0::apply (10 bytes)
Event: 863.885 Thread 0x0000025838b4acc0 nmethod 15253 0x00000258257c6a90 code [0x00000258257c6c40, 0x00000258257c6f10]

GC Heap History (20 events):
Event: 31.019 GC heap before
{Heap before GC invocations=41 (full 0):
 garbage-first heap   total 152576K, used 137545K [0x0000000080000000, 0x0000000100000000)
  region size 1024K, 47 young (48128K), 6 survivors (6144K)
 Metaspace       used 99416K, committed 101184K, reserved 1179648K
  class space    used 13707K, committed 14592K, reserved 1048576K
}
Event: 31.025 GC heap after
{Heap after GC invocations=42 (full 0):
 garbage-first heap   total 152576K, used 97470K [0x0000000080000000, 0x0000000100000000)
  region size 1024K, 5 young (5120K), 5 survivors (5120K)
 Metaspace       used 99416K, committed 101184K, reserved 1179648K
  class space    used 13707K, committed 14592K, reserved 1048576K
}
Event: 32.056 GC heap before
{Heap before GC invocations=43 (full 0):
 garbage-first heap   total 163840K, used 139454K [0x0000000080000000, 0x0000000100000000)
  region size 1024K, 45 young (46080K), 5 survivors (5120K)
 Metaspace       used 102426K, committed 104256K, reserved 1179648K
  class space    used 14286K, committed 15168K, reserved 1048576K
}
Event: 32.061 GC heap after
{Heap after GC invocations=44 (full 0):
 garbage-first heap   total 163840K, used 98522K [0x0000000080000000, 0x0000000100000000)
  region size 1024K, 3 young (3072K), 3 survivors (3072K)
 Metaspace       used 102426K, committed 104256K, reserved 1179648K
  class space    used 14286K, committed 15168K, reserved 1048576K
}
Event: 33.336 GC heap before
{Heap before GC invocations=44 (full 0):
 garbage-first heap   total 163840K, used 147674K [0x0000000080000000, 0x0000000100000000)
  region size 1024K, 51 young (52224K), 3 survivors (3072K)
 Metaspace       used 105858K, committed 107648K, reserved 1179648K
  class space    used 14805K, committed 15680K, reserved 1048576K
}
Event: 33.345 GC heap after
{Heap after GC invocations=45 (full 0):
 garbage-first heap   total 163840K, used 100690K [0x0000000080000000, 0x0000000100000000)
  region size 1024K, 6 young (6144K), 6 survivors (6144K)
 Metaspace       used 105858K, committed 107648K, reserved 1179648K
  class space    used 14805K, committed 15680K, reserved 1048576K
}
Event: 34.450 GC heap before
{Heap before GC invocations=45 (full 0):
 garbage-first heap   total 163840K, used 147794K [0x0000000080000000, 0x0000000100000000)
  region size 1024K, 52 young (53248K), 6 survivors (6144K)
 Metaspace       used 109407K, committed 111296K, reserved 1179648K
  class space    used 15326K, committed 16256K, reserved 1048576K
}
Event: 34.460 GC heap after
{Heap after GC invocations=46 (full 0):
 garbage-first heap   total 163840K, used 103764K [0x0000000080000000, 0x0000000100000000)
  region size 1024K, 7 young (7168K), 7 survivors (7168K)
 Metaspace       used 109407K, committed 111296K, reserved 1179648K
  class space    used 15326K, committed 16256K, reserved 1048576K
}
Event: 35.455 GC heap before
{Heap before GC invocations=47 (full 0):
 garbage-first heap   total 174080K, used 146772K [0x0000000080000000, 0x0000000100000000)
  region size 1024K, 49 young (50176K), 7 survivors (7168K)
 Metaspace       used 112668K, committed 114624K, reserved 1179648K
  class space    used 15843K, committed 16832K, reserved 1048576K
}
Event: 35.463 GC heap after
{Heap after GC invocations=48 (full 0):
 garbage-first heap   total 174080K, used 105531K [0x0000000080000000, 0x0000000100000000)
  region size 1024K, 5 young (5120K), 5 survivors (5120K)
 Metaspace       used 112668K, committed 114624K, reserved 1179648K
  class space    used 15843K, committed 16832K, reserved 1048576K
}
Event: 36.662 GC heap before
{Heap before GC invocations=48 (full 0):
 garbage-first heap   total 174080K, used 158779K [0x0000000080000000, 0x0000000100000000)
  region size 1024K, 57 young (58368K), 5 survivors (5120K)
 Metaspace       used 116502K, committed 118400K, reserved 1179648K
  class space    used 16342K, committed 17280K, reserved 1048576K
}
Event: 36.676 GC heap after
{Heap after GC invocations=49 (full 0):
 garbage-first heap   total 174080K, used 109236K [0x0000000080000000, 0x0000000100000000)
  region size 1024K, 7 young (7168K), 7 survivors (7168K)
 Metaspace       used 116502K, committed 118400K, reserved 1179648K
  class space    used 16342K, committed 17280K, reserved 1048576K
}
Event: 37.501 GC heap before
{Heap before GC invocations=49 (full 0):
 garbage-first heap   total 174080K, used 156340K [0x0000000080000000, 0x0000000100000000)
  region size 1024K, 53 young (54272K), 7 survivors (7168K)
 Metaspace       used 116809K, committed 118720K, reserved 1179648K
  class space    used 16365K, committed 17280K, reserved 1048576K
}
Event: 37.514 GC heap after
{Heap after GC invocations=50 (full 0):
 garbage-first heap   total 174080K, used 116361K [0x0000000080000000, 0x0000000100000000)
  region size 1024K, 7 young (7168K), 7 survivors (7168K)
 Metaspace       used 116809K, committed 118720K, reserved 1179648K
  class space    used 16365K, committed 17280K, reserved 1048576K
}
Event: 38.628 GC heap before
{Heap before GC invocations=51 (full 0):
 garbage-first heap   total 194560K, used 160393K [0x0000000080000000, 0x0000000100000000)
  region size 1024K, 46 young (47104K), 7 survivors (7168K)
 Metaspace       used 119723K, committed 121728K, reserved 1179648K
  class space    used 16704K, committed 17664K, reserved 1048576K
}
Event: 38.637 GC heap after
{Heap after GC invocations=52 (full 0):
 garbage-first heap   total 194560K, used 122482K [0x0000000080000000, 0x0000000100000000)
  region size 1024K, 6 young (6144K), 6 survivors (6144K)
 Metaspace       used 119723K, committed 121728K, reserved 1179648K
  class space    used 16704K, committed 17664K, reserved 1048576K
}
Event: 49.442 GC heap before
{Heap before GC invocations=52 (full 0):
 garbage-first heap   total 194560K, used 174706K [0x0000000080000000, 0x0000000100000000)
  region size 1024K, 58 young (59392K), 6 survivors (6144K)
 Metaspace       used 121057K, committed 123136K, reserved 1179648K
  class space    used 16847K, committed 17856K, reserved 1048576K
}
Event: 49.512 GC heap after
{Heap after GC invocations=53 (full 0):
 garbage-first heap   total 194560K, used 126923K [0x0000000080000000, 0x0000000100000000)
  region size 1024K, 5 young (5120K), 5 survivors (5120K)
 Metaspace       used 121057K, committed 123136K, reserved 1179648K
  class space    used 16847K, committed 17856K, reserved 1048576K
}
Event: 860.541 GC heap before
{Heap before GC invocations=53 (full 0):
 garbage-first heap   total 194560K, used 177099K [0x0000000080000000, 0x0000000100000000)
  region size 1024K, 55 young (56320K), 5 survivors (5120K)
 Metaspace       used 121533K, committed 123520K, reserved 1179648K
  class space    used 16897K, committed 17856K, reserved 1048576K
}
Event: 861.397 GC heap after
{Heap after GC invocations=54 (full 0):
 garbage-first heap   total 194560K, used 128075K [0x0000000080000000, 0x0000000100000000)
  region size 1024K, 2 young (2048K), 2 survivors (2048K)
 Metaspace       used 121533K, committed 123520K, reserved 1179648K
  class space    used 16897K, committed 17856K, reserved 1048576K
}

Dll operation events (3 events):
Event: 0.125 Loaded shared library D:\Android\jbr\bin\java.dll
Event: 0.153 Loaded shared library D:\Android\jbr\bin\zip.dll
Event: 1.223 Loaded shared library D:\Android\jbr\bin\verify.dll

Deoptimization events (20 events):
Event: 124.632 Thread 0x0000025849918ab0 DEOPT PACKING pc=0x000002582c1dc44c sp=0x00000099c11fa990
Event: 124.636 Thread 0x0000025849918ab0 DEOPT UNPACKING pc=0x000002582b5146a2 sp=0x00000099c11fa928 mode 2
Event: 124.636 Thread 0x0000025849918ab0 Uncommon trap: trap_request=0xffffffbe fr.pc=0x000002582c1dc44c relative=0x00000000000003cc
Event: 124.636 Thread 0x0000025849918ab0 Uncommon trap: reason=profile_predicate action=maybe_recompile pc=0x000002582c1dc44c method=java.util.Collections.indexedBinarySearch(Ljava/util/List;Ljava/lang/Object;Ljava/util/Comparator;)I @ 15 c2
Event: 124.636 Thread 0x0000025849918ab0 DEOPT PACKING pc=0x000002582c1dc44c sp=0x00000099c11fa990
Event: 124.636 Thread 0x0000025849918ab0 DEOPT UNPACKING pc=0x000002582b5146a2 sp=0x00000099c11fa928 mode 2
Event: 124.637 Thread 0x0000025849918ab0 Uncommon trap: trap_request=0xffffffbe fr.pc=0x000002582c1dc44c relative=0x00000000000003cc
Event: 124.637 Thread 0x0000025849918ab0 Uncommon trap: reason=profile_predicate action=maybe_recompile pc=0x000002582c1dc44c method=java.util.Collections.indexedBinarySearch(Ljava/util/List;Ljava/lang/Object;Ljava/util/Comparator;)I @ 15 c2
Event: 124.637 Thread 0x0000025849918ab0 DEOPT PACKING pc=0x000002582c1dc44c sp=0x00000099c11fa990
Event: 124.637 Thread 0x0000025849918ab0 DEOPT UNPACKING pc=0x000002582b5146a2 sp=0x00000099c11fa928 mode 2
Event: 124.642 Thread 0x0000025849918ab0 Uncommon trap: trap_request=0xffffffbe fr.pc=0x000002582c1dc44c relative=0x00000000000003cc
Event: 124.642 Thread 0x0000025849918ab0 Uncommon trap: reason=profile_predicate action=maybe_recompile pc=0x000002582c1dc44c method=java.util.Collections.indexedBinarySearch(Ljava/util/List;Ljava/lang/Object;Ljava/util/Comparator;)I @ 15 c2
Event: 124.642 Thread 0x0000025849918ab0 DEOPT PACKING pc=0x000002582c1dc44c sp=0x00000099c11fa690
Event: 124.642 Thread 0x0000025849918ab0 DEOPT UNPACKING pc=0x000002582b5146a2 sp=0x00000099c11fa628 mode 2
Event: 858.014 Thread 0x0000025840a433f0 Uncommon trap: trap_request=0xffffff45 fr.pc=0x000002582c043258 relative=0x0000000000000f58
Event: 858.027 Thread 0x0000025840a433f0 Uncommon trap: reason=unstable_if action=reinterpret pc=0x000002582c043258 method=java.util.concurrent.ConcurrentLinkedQueue.offer(Ljava/lang/Object;)Z @ 96 c2
Event: 858.039 Thread 0x0000025840a433f0 DEOPT PACKING pc=0x000002582c043258 sp=0x00000099c2afbf10
Event: 858.048 Thread 0x0000025840a433f0 DEOPT UNPACKING pc=0x000002582b5146a2 sp=0x00000099c2afbce0 mode 2
Event: 859.216 Thread 0x0000025840a46f00 DEOPT PACKING pc=0x00000258248f022f sp=0x00000099c2dfd2f0
Event: 859.218 Thread 0x0000025840a46f00 DEOPT UNPACKING pc=0x000002582b514e42 sp=0x00000099c2dfc768 mode 0

Classes loaded (20 events):
Event: 36.588 Loading class java/util/TreeMap$TreeMapSpliterator done
Event: 36.588 Loading class java/util/TreeMap$KeySpliterator done
Event: 37.466 Loading class java/io/FilterReader
Event: 37.468 Loading class java/io/FilterReader done
Event: 38.197 Loading class java/util/HashMap$UnsafeHolder
Event: 38.197 Loading class java/util/HashMap$UnsafeHolder done
Event: 38.267 Loading class java/util/concurrent/ConcurrentLinkedQueue$Itr
Event: 38.268 Loading class java/util/concurrent/ConcurrentLinkedQueue$Itr done
Event: 38.520 Loading class java/time/Clock
Event: 38.521 Loading class java/time/InstantSource
Event: 38.521 Loading class java/time/InstantSource done
Event: 38.521 Loading class java/time/Clock done
Event: 38.521 Loading class java/time/Clock$SystemClock
Event: 38.521 Loading class java/time/Clock$SystemClock done
Event: 38.769 Loading class java/io/SequenceInputStream
Event: 38.770 Loading class java/io/SequenceInputStream done
Event: 38.975 Loading class java/util/Collections$ReverseComparator
Event: 38.976 Loading class java/util/Collections$ReverseComparator done
Event: 38.976 Loading class java/util/Collections$ReverseComparator2
Event: 38.976 Loading class java/util/Collections$ReverseComparator2 done

Classes unloaded (20 events):
Event: 18.114 Thread 0x000002583897d650 Unloading class 0x00000001007c8000 '_BuildScript_'
Event: 19.827 Thread 0x000002583897d650 Unloading class 0x00000001008c1840 '_BuildScript_'
Event: 19.827 Thread 0x000002583897d650 Unloading class 0x00000001008c1420 'SetupUtpTestResultListenerAction$_execute_closure1$_closure2'
Event: 19.827 Thread 0x000002583897d650 Unloading class 0x00000001008c1000 'SetupUtpTestResultListenerAction$_execute_closure1'
Event: 19.827 Thread 0x000002583897d650 Unloading class 0x00000001008c0c00 'SetupUtpTestResultListenerAction'
Event: 19.827 Thread 0x000002583897d650 Unloading class 0x00000001008be840 '_BuildScript_$_run_closure1$_closure3'
Event: 19.827 Thread 0x000002583897d650 Unloading class 0x00000001008be420 '_BuildScript_$_run_closure1$_closure2'
Event: 19.827 Thread 0x000002583897d650 Unloading class 0x00000001008be000 '_BuildScript_$_run_closure1'
Event: 19.827 Thread 0x000002583897d650 Unloading class 0x00000001008bd918 '_BuildScript_'
Event: 19.827 Thread 0x000002583897d650 Unloading class 0x00000001008bd4f8 'KotlinCoroutineJvmDebugArgumentsProvider$_asArguments_closure1'
Event: 19.827 Thread 0x000002583897d650 Unloading class 0x00000001008bd230 'KotlinCoroutineJvmDebugArgumentsProvider'
Event: 19.827 Thread 0x000002583897d650 Unloading class 0x00000001008bd000 'Properties'
Event: 19.827 Thread 0x000002583897d650 Unloading class 0x00000001008b1420 '_BuildScript_$_run_closure1$_closure2'
Event: 19.827 Thread 0x000002583897d650 Unloading class 0x00000001008b1000 '_BuildScript_$_run_closure1'
Event: 19.827 Thread 0x000002583897d650 Unloading class 0x00000001008b0800 '_BuildScript_'
Event: 19.827 Thread 0x000002583897d650 Unloading class 0x00000001008a9420 '_BuildScript_$_run_closure1$_closure2$_closure4'
Event: 19.827 Thread 0x000002583897d650 Unloading class 0x00000001008a9000 '_BuildScript_$_run_closure1$_closure2$_closure3'
Event: 19.827 Thread 0x000002583897d650 Unloading class 0x00000001008a8988 '_BuildScript_$_run_closure1$_closure2'
Event: 19.827 Thread 0x000002583897d650 Unloading class 0x00000001008a8568 '_BuildScript_$_run_closure1'
Event: 19.827 Thread 0x000002583897d650 Unloading class 0x00000001008a8000 '_BuildScript_'

Classes redefined (0 events):
No events

Internal exceptions (20 events):
Event: 38.625 Thread 0x000002583db938f0 Exception <a 'java/lang/NoSuchMethodError'{0x0000000088acfc10}: static Lorg/gradle/internal/build/event/types/DefaultTaskFinishedProgressEvent;.<clinit>()V> (0x0000000088acfc10) 
thrown [s\src\hotspot\share\prims\jni.cpp, line 1144]
Event: 38.628 Thread 0x000002583db938f0 Exception <a 'java/lang/NoSuchMethodError'{0x0000000088afd9e8}: static Lorg/gradle/internal/build/event/types/DefaultTaskSuccessResult;.<clinit>()V> (0x0000000088afd9e8) 
thrown [s\src\hotspot\share\prims\jni.cpp, line 1144]
Event: 38.628 Thread 0x000002583db938f0 Exception <a 'java/lang/NoSuchMethodError'{0x0000000088aff120}: static Lorg/gradle/internal/build/event/types/AbstractTaskResult;.<clinit>()V> (0x0000000088aff120) 
thrown [s\src\hotspot\share\prims\jni.cpp, line 1144]
Event: 38.648 Thread 0x000002584117eae0 Exception <a 'sun/nio/fs/WindowsException'{0x00000000ffd26598}> (0x00000000ffd26598) 
thrown [s\src\hotspot\share\prims\jni.cpp, line 537]
Event: 38.664 Thread 0x000002583db938f0 Exception <a 'java/lang/NoSuchMethodError'{0x00000000ff7dc648}: static Lorg/gradle/internal/build/event/types/DefaultTaskSkippedResult;.<clinit>()V> (0x00000000ff7dc648) 
thrown [s\src\hotspot\share\prims\jni.cpp, line 1144]
Event: 38.667 Thread 0x000002584036e860 Exception <a 'java/lang/NoSuchMethodError'{0x00000000ff7fef70}: static Lcom/android/buildanalyzer/common/AndroidGradlePluginAttributionData$BuildInfo;.<clinit>()V> (0x00000000ff7fef70) 
thrown [s\src\hotspot\share\prims\jni.cpp, line 1144]
Event: 38.671 Thread 0x000002584036e860 Exception <a 'java/lang/NoSuchMethodError'{0x00000000ff66b008}: static Lcom/android/buildanalyzer/common/AndroidGradlePluginAttributionData$JavaInfo;.<clinit>()V> (0x00000000ff66b008) 
thrown [s\src\hotspot\share\prims\jni.cpp, line 1144]
Event: 38.674 Thread 0x000002584117eae0 Exception <a 'sun/nio/fs/WindowsException'{0x00000000ff674d18}> (0x00000000ff674d18) 
thrown [s\src\hotspot\share\prims\jni.cpp, line 537]
Event: 38.676 Thread 0x000002584036e860 Exception <a 'java/lang/NoSuchMethodError'{0x00000000ff6b17b0}: static [Ljava/lang/String;.<clinit>()V> (0x00000000ff6b17b0) 
thrown [s\src\hotspot\share\prims\jni.cpp, line 1144]
Event: 38.677 Thread 0x000002584036e860 Exception <a 'java/lang/NoSuchMethodError'{0x00000000ff6bdb30}: static Lcom/android/buildanalyzer/common/AndroidGradlePluginAttributionData$TaskInfo;.<clinit>()V> (0x00000000ff6bdb30) 
thrown [s\src\hotspot\share\prims\jni.cpp, line 1144]
Event: 38.679 Thread 0x000002584036e860 Exception <a 'java/lang/NoSuchMethodError'{0x00000000ff6cb128}: static Lcom/android/buildanalyzer/common/AndroidGradlePluginAttributionData$TaskCategoryInfo;.<clinit>()V> (0x00000000ff6cb128) 
thrown [s\src\hotspot\share\prims\jni.cpp, line 1144]
Event: 39.346 Thread 0x000002584991c5c0 Exception <a 'java/lang/NoSuchMethodError'{0x000000008a0a52c8}: 'java.lang.Object java.lang.invoke.DirectMethodHandle$Holder.invokeSpecialIFC(java.lang.Object, java.lang.Object, java.lang.Object)'> (0x000000008a0a52c8) 
thrown [s\src\hotspot\share\interpreter\linkResolver.cpp, line 784]
Event: 39.347 Thread 0x0000025849919140 Exception <a 'java/lang/NoSuchMethodError'{0x000000008a0cace8}: 'java.lang.Object java.lang.invoke.DirectMethodHandle$Holder.invokeSpecialIFC(java.lang.Object, java.lang.Object, java.lang.Object)'> (0x000000008a0cace8) 
thrown [s\src\hotspot\share\interpreter\linkResolver.cpp, line 784]
Event: 43.679 Thread 0x000002584117eae0 Implicit null exception at 0x000002582bfc8be1 to 0x000002582bfc8de0
Event: 112.035 Thread 0x00000258499197d0 Exception <a 'sun/nio/fs/WindowsException'{0x000000008acad3f8}> (0x000000008acad3f8) 
thrown [s\src\hotspot\share\prims\jni.cpp, line 537]
Event: 113.605 Thread 0x0000025849918ab0 Exception <a 'sun/nio/fs/WindowsException'{0x0000000089ed3c78}> (0x0000000089ed3c78) 
thrown [s\src\hotspot\share\prims\jni.cpp, line 537]
Event: 113.609 Thread 0x0000025849918ab0 Exception <a 'sun/nio/fs/WindowsException'{0x0000000089ed5db8}> (0x0000000089ed5db8) 
thrown [s\src\hotspot\share\prims\jni.cpp, line 537]
Event: 113.610 Thread 0x0000025849918ab0 Exception <a 'sun/nio/fs/WindowsException'{0x0000000089ed7b78}> (0x0000000089ed7b78) 
thrown [s\src\hotspot\share\prims\jni.cpp, line 537]
Event: 113.612 Thread 0x0000025849918ab0 Exception <a 'sun/nio/fs/WindowsException'{0x0000000089ed9b98}> (0x0000000089ed9b98) 
thrown [s\src\hotspot\share\prims\jni.cpp, line 537]
Event: 113.613 Thread 0x0000025849918ab0 Exception <a 'sun/nio/fs/WindowsException'{0x0000000089edb818}> (0x0000000089edb818) 
thrown [s\src\hotspot\share\prims\jni.cpp, line 537]

ZGC Phase Switch (0 events):
No events

VM Operations (20 events):
Event: 256.238 Executing VM operation: Cleanup done
Event: 257.243 Executing VM operation: Cleanup
Event: 257.244 Executing VM operation: Cleanup done
Event: 856.527 Executing VM operation: HandshakeAllThreads (HandshakeForDeflation)
Event: 856.609 Executing VM operation: HandshakeAllThreads (HandshakeForDeflation) done
Event: 856.609 Executing VM operation: RendezvousGCThreads
Event: 856.610 Executing VM operation: RendezvousGCThreads done
Event: 857.617 Executing VM operation: Cleanup
Event: 857.645 Executing VM operation: Cleanup done
Event: 858.645 Executing VM operation: Cleanup
Event: 858.909 Executing VM operation: Cleanup done
Event: 859.912 Executing VM operation: Cleanup
Event: 860.037 Executing VM operation: Cleanup done
Event: 860.463 Executing VM operation: G1CollectForAllocation (G1 Evacuation Pause)
Event: 861.400 Executing VM operation: G1CollectForAllocation (G1 Evacuation Pause) done
Event: 862.404 Executing VM operation: Cleanup
Event: 862.413 Executing VM operation: Cleanup done
Event: 864.421 Executing VM operation: Cleanup
Event: 864.424 Executing VM operation: Cleanup done
Event: 864.890 Executing VM operation: G1PauseRemark

Memory protections (0 events):
No events

Nmethod flushes (20 events):
Event: 868.046 Thread 0x000002583897d650 flushing  nmethod 0x0000025824e30390
Event: 868.047 Thread 0x000002583897d650 flushing  nmethod 0x00000258250fa290
Event: 868.049 Thread 0x000002583897d650 flushing  nmethod 0x00000258251c9990
Event: 868.050 Thread 0x000002583897d650 flushing  nmethod 0x00000258251cf710
Event: 868.052 Thread 0x000002583897d650 flushing  nmethod 0x000002582bb65990
Event: 868.052 Thread 0x000002583897d650 flushing  nmethod 0x000002582bb86110
Event: 868.053 Thread 0x000002583897d650 flushing  nmethod 0x000002582be06f10
Event: 868.054 Thread 0x000002583897d650 flushing  nmethod 0x0000025823fb6310
Event: 868.055 Thread 0x000002583897d650 flushing  nmethod 0x000002582405c710
Event: 868.056 Thread 0x000002583897d650 flushing  nmethod 0x00000258241b1c10
Event: 868.056 Thread 0x000002583897d650 flushing  nmethod 0x000002582448cc10
Event: 868.056 Thread 0x000002583897d650 flushing  nmethod 0x00000258244da890
Event: 868.057 Thread 0x000002583897d650 flushing  nmethod 0x000002582454ba10
Event: 868.058 Thread 0x000002583897d650 flushing  nmethod 0x0000025824662f10
Event: 868.059 Thread 0x000002583897d650 flushing  nmethod 0x0000025824664a10
Event: 868.060 Thread 0x000002583897d650 flushing  nmethod 0x0000025824709190
Event: 868.061 Thread 0x000002583897d650 flushing  nmethod 0x0000025824f17290
Event: 868.061 Thread 0x000002583897d650 flushing  nmethod 0x000002582528f310
Event: 868.062 Thread 0x000002583897d650 flushing  nmethod 0x0000025825290090
Event: 868.062 Thread 0x000002583897d650 flushing  nmethod 0x000002582535c690

Events (20 events):
Event: 64.465 Thread 0x000002584117eae0 Thread added: 0x00000258480567d0
Event: 64.466 Thread 0x000002584117eae0 Thread added: 0x0000025848058f30
Event: 64.813 Thread 0x000002584117eae0 Thread added: 0x00000258480595c0
Event: 64.915 Thread 0x000002584117eae0 Thread added: 0x0000025848059c50
Event: 64.999 Thread 0x000002584117eae0 Thread added: 0x000002584805a2e0
Event: 65.005 Thread 0x000002584117eae0 Thread added: 0x000002584805a970
Event: 65.017 Thread 0x000002584117eae0 Thread added: 0x000002584805b000
Event: 67.151 Thread 0x000002583db95330 Thread exited: 0x000002583db95330
Event: 110.469 Thread 0x000002584117eae0 Thread added: 0x000002583db95330
Event: 123.387 Thread 0x0000025849918ab0 Thread added: 0x0000025840a42d60
Event: 123.410 Thread 0x0000025849918ab0 Thread added: 0x0000025840a44110
Event: 123.425 Thread 0x0000025849918ab0 Thread added: 0x0000025840a454c0
Event: 123.435 Thread 0x0000025849918ab0 Thread added: 0x0000025840a44e30
Event: 123.449 Thread 0x0000025849918ab0 Thread added: 0x0000025840a45b50
Event: 123.465 Thread 0x0000025849918ab0 Thread added: 0x0000025840a433f0
Event: 123.504 Thread 0x0000025849918ab0 Thread added: 0x0000025840a46870
Event: 123.512 Thread 0x0000025849918ab0 Thread added: 0x0000025840a461e0
Event: 123.516 Thread 0x0000025849918ab0 Thread added: 0x0000025840a46f00
Event: 123.528 Thread 0x0000025849918ab0 Thread added: 0x0000025840a43a80
Event: 123.533 Thread 0x0000025849918ab0 Thread added: 0x0000025840a47590


Dynamic libraries:
0x00007ff73c380000 - 0x00007ff73c38a000 	D:\Android\jbr\bin\java.exe
0x00007ff954060000 - 0x00007ff9542c7000 	C:\WINDOWS\SYSTEM32\ntdll.dll
0x00007ff9527a0000 - 0x00007ff952869000 	C:\WINDOWS\System32\KERNEL32.DLL
0x00007ff950c30000 - 0x00007ff951021000 	C:\WINDOWS\System32\KERNELBASE.dll
0x00007ff9511a0000 - 0x00007ff9512eb000 	C:\WINDOWS\System32\ucrtbase.dll
0x00007ff9492b0000 - 0x00007ff9492cb000 	D:\Android\jbr\bin\VCRUNTIME140.dll
0x00007ff936ba0000 - 0x00007ff936bb8000 	D:\Android\jbr\bin\jli.dll
0x00007ff9539d0000 - 0x00007ff953b95000 	C:\WINDOWS\System32\USER32.dll
0x00007ff930b50000 - 0x00007ff930de3000 	C:\WINDOWS\WinSxS\amd64_microsoft.windows.common-controls_6595b64144ccf1df_6.0.26100.8037_none_3e092faae333b53b\COMCTL32.dll
0x00007ff9509d0000 - 0x00007ff9509f7000 	C:\WINDOWS\System32\win32u.dll
0x00007ff953050000 - 0x00007ff9530f9000 	C:\WINDOWS\System32\msvcrt.dll
0x00007ff953ff0000 - 0x00007ff95401b000 	C:\WINDOWS\System32\GDI32.dll
0x00007ff9512f0000 - 0x00007ff95141b000 	C:\WINDOWS\System32\gdi32full.dll
0x00007ff951420000 - 0x00007ff9514c3000 	C:\WINDOWS\System32\msvcp_win.dll
0x00007ff953e80000 - 0x00007ff953eb1000 	C:\WINDOWS\System32\IMM32.DLL
0x00007ff94b4d0000 - 0x00007ff94b4dc000 	D:\Android\jbr\bin\vcruntime140_1.dll
0x00007ff8a5a10000 - 0x00007ff8a5a9d000 	D:\Android\jbr\bin\msvcp140.dll
0x00007ff8a45a0000 - 0x00007ff8a5236000 	D:\Android\jbr\bin\server\jvm.dll
0x00007ff952d00000 - 0x00007ff952dbb000 	C:\WINDOWS\System32\ADVAPI32.dll
0x00007ff951e00000 - 0x00007ff951ea7000 	C:\WINDOWS\System32\sechost.dll
0x00007ff952f30000 - 0x00007ff953048000 	C:\WINDOWS\System32\RPCRT4.dll
0x00007ff953c20000 - 0x00007ff953c94000 	C:\WINDOWS\System32\WS2_32.dll
0x00007ff9507c0000 - 0x00007ff95081e000 	C:\WINDOWS\SYSTEM32\POWRPROF.dll
0x00007ff945e50000 - 0x00007ff945e85000 	C:\WINDOWS\SYSTEM32\WINMM.dll
0x00007ff93e4e0000 - 0x00007ff93e4eb000 	C:\WINDOWS\SYSTEM32\VERSION.dll
0x00007ff9507a0000 - 0x00007ff9507b4000 	C:\WINDOWS\SYSTEM32\UMPDC.dll
0x00007ff94f6d0000 - 0x00007ff94f6eb000 	C:\WINDOWS\SYSTEM32\kernel.appcore.dll
0x00007ff94b490000 - 0x00007ff94b49a000 	D:\Android\jbr\bin\jimage.dll
0x00007ff94ea00000 - 0x00007ff94ec42000 	C:\WINDOWS\SYSTEM32\DBGHELP.DLL
0x00007ff9535d0000 - 0x00007ff953952000 	C:\WINDOWS\System32\combase.dll
0x00007ff953370000 - 0x00007ff953447000 	C:\WINDOWS\System32\OLEAUT32.dll
0x00007ff92c930000 - 0x00007ff92c96b000 	C:\WINDOWS\SYSTEM32\dbgcore.DLL
0x00007ff950b80000 - 0x00007ff950c25000 	C:\WINDOWS\System32\bcryptPrimitives.dll
0x00007ff938c60000 - 0x00007ff938c6e000 	D:\Android\jbr\bin\instrument.dll
0x00007ff945c00000 - 0x00007ff945c20000 	D:\Android\jbr\bin\java.dll
0x00007ff945be0000 - 0x00007ff945bf8000 	D:\Android\jbr\bin\zip.dll
0x00007ff951eb0000 - 0x00007ff95260f000 	C:\WINDOWS\System32\SHELL32.dll
0x00007ff951030000 - 0x00007ff95119a000 	C:\WINDOWS\System32\wintypes.dll
0x00007ff951590000 - 0x00007ff951df4000 	C:\WINDOWS\System32\windows.storage.dll
0x00007ff952dc0000 - 0x00007ff952eb7000 	C:\WINDOWS\System32\SHCORE.dll
0x00007ff952ec0000 - 0x00007ff952f27000 	C:\WINDOWS\System32\shlwapi.dll
0x00007ff950860000 - 0x00007ff950889000 	C:\WINDOWS\SYSTEM32\profapi.dll
0x00007ff949390000 - 0x00007ff9493a0000 	D:\Android\jbr\bin\net.dll
0x00007ff948840000 - 0x00007ff948967000 	C:\WINDOWS\SYSTEM32\WINHTTP.dll
0x00007ff94fc40000 - 0x00007ff94fcab000 	C:\WINDOWS\system32\mswsock.dll
0x00007ff93fb30000 - 0x00007ff93fb46000 	D:\Android\jbr\bin\nio.dll
0x00007ff9492f0000 - 0x00007ff949300000 	D:\Android\jbr\bin\verify.dll
0x00007ff8ee8e0000 - 0x00007ff8ee907000 	C:\Users\Tuan Hiep\.gradle\native\c067742578af261105cb4f569cf0c3c89f3d7b1fecec35dd04571415982c5e48\windows-amd64\native-platform.dll
0x00007ff8a21f0000 - 0x00007ff8a2334000 	C:\Users\Tuan Hiep\.gradle\native\38dada09dfb8b06ba9b0570ebf7e218e3eb74d4ef43ca46872605cf95ebc2f47\windows-amd64\native-platform-file-events.dll
0x00007ff93fab0000 - 0x00007ff93fab9000 	D:\Android\jbr\bin\management.dll
0x00007ff93fa10000 - 0x00007ff93fa1b000 	D:\Android\jbr\bin\management_ext.dll
0x00007ff9535c0000 - 0x00007ff9535c8000 	C:\WINDOWS\System32\PSAPI.DLL
0x00007ff94ff30000 - 0x00007ff94ff4b000 	C:\WINDOWS\SYSTEM32\CRYPTSP.dll
0x00007ff94f630000 - 0x00007ff94f669000 	C:\WINDOWS\system32\rsaenh.dll
0x00007ff94fcf0000 - 0x00007ff94fd22000 	C:\WINDOWS\SYSTEM32\USERENV.dll
0x00007ff950830000 - 0x00007ff95085a000 	C:\WINDOWS\SYSTEM32\bcrypt.dll
0x00007ff94ff20000 - 0x00007ff94ff2c000 	C:\WINDOWS\SYSTEM32\CRYPTBASE.dll
0x00007ff94f000000 - 0x00007ff94f033000 	C:\WINDOWS\SYSTEM32\IPHLPAPI.DLL
0x00007ff9539c0000 - 0x00007ff9539ca000 	C:\WINDOWS\System32\NSI.dll
0x00007ff938c50000 - 0x00007ff938c59000 	D:\Android\jbr\bin\extnet.dll
0x00007ff923e50000 - 0x00007ff923e58000 	C:\WINDOWS\system32\wshunix.dll
0x00007ff8c0780000 - 0x00007ff8c0798000 	C:\WINDOWS\system32\napinsp.dll
0x00007ff94f170000 - 0x00007ff94f29a000 	C:\WINDOWS\SYSTEM32\DNSAPI.dll
0x00007ff8c07a0000 - 0x00007ff8c07b2000 	C:\WINDOWS\System32\winrnr.dll
0x00007ff8c07c0000 - 0x00007ff8c07e2000 	C:\WINDOWS\system32\nlansp_c.dll
0x00007ff9164f0000 - 0x00007ff916506000 	C:\WINDOWS\system32\wshbth.dll
0x00007ff944e30000 - 0x00007ff944e3b000 	C:\Windows\System32\rasadhlp.dll
0x00007ff948dd0000 - 0x00007ff948e56000 	C:\WINDOWS\System32\fwpuclnt.dll

JVMTI agents:
C:\Users\Tuan Hiep\.gradle\wrapper\dists\gradle-8.7-bin\bhs2wmbdwecv87pi65oeuq5iu\gradle-8.7\lib\agents\gradle-instrumentation-agent-8.7.jar path:D:\Android\jbr\bin\instrument.dll, loaded, initialized, instrumentlib options:none

dbghelp: loaded successfully - version: 4.0.5 - missing functions: none
symbol engine: initialized successfully - sym options: 0x614 - pdb path: .;D:\Android\jbr\bin;C:\WINDOWS\SYSTEM32;C:\WINDOWS\WinSxS\amd64_microsoft.windows.common-controls_6595b64144ccf1df_6.0.26100.8037_none_3e092faae333b53b;D:\Android\jbr\bin\server;C:\Users\Tuan Hiep\.gradle\native\c067742578af261105cb4f569cf0c3c89f3d7b1fecec35dd04571415982c5e48\windows-amd64;C:\Users\Tuan Hiep\.gradle\native\38dada09dfb8b06ba9b0570ebf7e218e3eb74d4ef43ca46872605cf95ebc2f47\windows-amd64

VM Arguments:
jvm_args: --add-opens=java.base/java.util=ALL-UNNAMED --add-opens=java.base/java.lang=ALL-UNNAMED --add-opens=java.base/java.lang.invoke=ALL-UNNAMED --add-opens=java.prefs/java.util.prefs=ALL-UNNAMED --add-opens=java.base/java.nio.charset=ALL-UNNAMED --add-opens=java.base/java.net=ALL-UNNAMED --add-opens=java.base/java.util.concurrent.atomic=ALL-UNNAMED -Xmx2048m -Dfile.encoding=UTF-8 -Duser.country=US -Duser.language=en -Duser.variant -javaagent:C:\Users\Tuan Hiep\.gradle\wrapper\dists\gradle-8.7-bin\bhs2wmbdwecv87pi65oeuq5iu\gradle-8.7\lib\agents\gradle-instrumentation-agent-8.7.jar 
java_command: org.gradle.launcher.daemon.bootstrap.GradleDaemon 8.7
java_class_path (initial): C:\Users\Tuan Hiep\.gradle\wrapper\dists\gradle-8.7-bin\bhs2wmbdwecv87pi65oeuq5iu\gradle-8.7\lib\gradle-launcher-8.7.jar
Launcher Type: SUN_STANDARD

[Global flags]
     intx CICompilerCount                          = 4                                         {product} {ergonomic}
     uint ConcGCThreads                            = 3                                         {product} {ergonomic}
     uint G1ConcRefinementThreads                  = 10                                        {product} {ergonomic}
   size_t G1HeapRegionSize                         = 1048576                                   {product} {ergonomic}
    uintx GCDrainStackTargetSize                   = 64                                        {product} {ergonomic}
   size_t InitialHeapSize                          = 130023424                                 {product} {ergonomic}
   size_t MarkStackSize                            = 4194304                                   {product} {ergonomic}
   size_t MaxHeapSize                              = 2147483648                                {product} {command line}
   size_t MaxNewSize                               = 1287651328                                {product} {ergonomic}
   size_t MinHeapDeltaBytes                        = 1048576                                   {product} {ergonomic}
   size_t MinHeapSize                              = 8388608                                   {product} {ergonomic}
    uintx NonNMethodCodeHeapSize                   = 5839372                                {pd product} {ergonomic}
    uintx NonProfiledCodeHeapSize                  = 122909434                              {pd product} {ergonomic}
    uintx ProfiledCodeHeapSize                     = 122909434                              {pd product} {ergonomic}
    uintx ReservedCodeCacheSize                    = 251658240                              {pd product} {ergonomic}
     bool SegmentedCodeCache                       = true                                      {product} {ergonomic}
   size_t SoftMaxHeapSize                          = 2147483648                             {manageable} {ergonomic}
     bool UseCompressedOops                        = true                           {product lp64_product} {ergonomic}
     bool UseG1GC                                  = true                                      {product} {ergonomic}
     bool UseLargePagesIndividualAllocation        = false                                  {pd product} {ergonomic}

Logging:
Log output configuration:
 #0: stdout all=warning uptime,level,tags foldmultilines=false
 #1: stderr all=off uptime,level,tags foldmultilines=false

Environment Variables:
PATH=C:\Program Files\Common Files\Oracle\Java\javapath;C:\WINDOWS\system32;C:\WINDOWS;C:\WINDOWS\System32\Wbem;C:\WINDOWS\System32\WindowsPowerShell\v1.0\;C:\WINDOWS\System32\OpenSSH\;D:\git\Git\cmd;C:\Program Files\apache-maven-3.9.11\bin;D:\cheat;C:\Users\Tuan Hiep\AppData\Local\Programs\Python\Python314\Scripts;D:\cheat\Scripts;C:\Program Files\Cloudflare\Cloudflare WARP\;C:\Users\Tuan Hiep\AppData\Local\Programs\Python\Launcher\;C:\Users\Tuan Hiep\AppData\Local\Microsoft\WindowsApps;C:\Users\Tuan Hiep\AppData\Local\Programs\Microsoft VS Code\bin;
USERNAME=Tuan Hiep
OS=Windows_NT
PROCESSOR_IDENTIFIER=Intel64 Family 6 Model 154 Stepping 4, GenuineIntel
TMP=C:\Users\TUANHI~1\AppData\Local\Temp
TEMP=C:\Users\TUANHI~1\AppData\Local\Temp




Periodic native trim disabled

JNI global refs:
JNI global refs: 27, weak refs: 0

JNI global refs memory usage: 835, weak refs: 201

Process memory usage:
Resident Set Size: 54340K (0% of 8052080K total physical memory with 16876K free physical memory)

OOME stack traces (most recent first):
Classloader memory used:
Loader org.gradle.internal.classloader.VisitableURLClassLoader                         : 48344K
Loader org.gradle.internal.classloader.VisitableURLClassLoader$InstrumentingVisitableURLClassLoader: 30713K
Loader bootstrap                                                                       : 29478K
Loader org.gradle.initialization.MixInLegacyTypesClassLoader                           : 11555K
Loader jdk.internal.loader.ClassLoaders$PlatformClassLoader                            : 506K
Loader jdk.internal.reflect.DelegatingClassLoader                                      : 308K
Loader org.gradle.internal.classloader.VisitableURLClassLoader                         : 234K
Loader jdk.internal.loader.ClassLoaders$AppClassLoader                                 : 230K
Loader org.gradle.groovy.scripts.internal.DefaultScriptCompilationHandler$ScriptClassLoader: 135K
Loader org.codehaus.groovy.runtime.callsite.CallSiteClassLoader                        : 27488B
Loader sun.reflect.misc.MethodUtil                                                     : 2984B

Classes loaded by more than one classloader:
Class Program                                                                         : loaded 5 times (x 72B)
Class Build_gradle                                                                    : loaded 3 times (x 130B)
Class Build_gradle$1                                                                  : loaded 3 times (x 74B)
Class ijJvmDebugger1_7at6ff6ytwtb2szmyw09ph0xz                                        : loaded 2 times (x 179B)
Class org.gradle.internal.classloader.FilteringClassLoader                            : loaded 2 times (x 105B)
Class [Lcom.google.common.base.AbstractIterator$State;                                : loaded 2 times (x 69B)
Class com.google.common.base.CharMatcher$IsEither                                     : loaded 2 times (x 111B)
Class ijJvmDebugger1_7at6ff6ytwtb2szmyw09ph0xz$_run_closure1                          : loaded 2 times (x 139B)
Class org.gradle.internal.classloader.ClassLoaderHierarchy                            : loaded 2 times (x 70B)
Class com.google.common.collect.ImmutableEnumSet                                      : loaded 2 times (x 146B)
Class com.google.common.util.concurrent.ExecutionError                                : loaded 2 times (x 82B)
Class com.google.common.collect.ImmutableList$1                                       : loaded 2 times (x 97B)
Class org.gradle.api.internal.classpath.ManifestUtil                                  : loaded 2 times (x 71B)
Class com.google.common.collect.RegularImmutableMap                                   : loaded 2 times (x 121B)
Class com.google.common.collect.ImmutableMap$MapViewOfValuesAsSingletonSets           : loaded 2 times (x 125B)
Class [Lorg.objectweb.asm.Symbol;                                                     : loaded 2 times (x 69B)
Class org.objectweb.asm.ClassVisitor                                                  : loaded 2 times (x 87B)
Class com.google.common.collect.UnmodifiableListIterator                              : loaded 2 times (x 95B)
Class org.objectweb.asm.MethodTooLargeException                                       : loaded 2 times (x 83B)
Class com.google.common.base.Platform$JdkPatternCompiler                              : loaded 2 times (x 75B)
Class [Lcom.google.common.cache.CacheBuilder$OneWeigher;                              : loaded 2 times (x 69B)
Class com.google.common.base.Suppliers                                                : loaded 2 times (x 71B)
Class org.gradle.internal.classloader.DefaultClassLoaderFactory                       : loaded 2 times (x 82B)
Class com.google.common.base.CharMatcher$None                                         : loaded 2 times (x 112B)
Class org.gradle.internal.classloader.ClassLoaderVisitor                              : loaded 2 times (x 76B)
Class [Lcom.google.common.collect.ImmutableMapEntry;                                  : loaded 2 times (x 69B)
Class ijJvmDebugger1_7at6ff6ytwtb2szmyw09ph0xz$_run_closure1$_closure2                : loaded 2 times (x 140B)
Class org.gradle.api.internal.classpath.EffectiveClassPath                            : loaded 2 times (x 90B)
Class org.apache.commons.io.output.StringBuilderWriter                                : loaded 2 times (x 100B)
Class com.google.common.collect.ImmutableEnumMap                                      : loaded 2 times (x 125B)
Class com.google.common.collect.ListMultimap                                          : loaded 2 times (x 70B)
Class com.google.common.collect.Sets$1                                                : loaded 2 times (x 139B)
Class org.objectweb.asm.AnnotationVisitor                                             : loaded 2 times (x 77B)
Class com.google.common.base.Splitter                                                 : loaded 2 times (x 72B)
Class org.gradle.api.internal.DefaultClassPathProvider                                : loaded 2 times (x 76B)
Class com.google.common.collect.Sets$2                                                : loaded 2 times (x 139B)
Class [Lorg.gradle.api.internal.ClassPathProvider;                                    : loaded 2 times (x 69B)
Class org.gradle.api.internal.ClassPathProvider                                       : loaded 2 times (x 70B)
Class [Lorg.objectweb.asm.AnnotationVisitor;                                          : loaded 2 times (x 69B)
Class com.google.common.collect.Sets$3                                                : loaded 2 times (x 139B)
Class com.google.common.util.concurrent.AbstractFuture$SafeAtomicHelper               : loaded 2 times (x 79B)
Class com.google.common.cache.LocalCache$LocalLoadingCache                            : loaded 2 times (x 134B)
Class com.google.common.base.AbstractIterator$State                                   : loaded 2 times (x 79B)
Class ijKotlinCoroutineJvmDebugInit1_e1iabogc42aqpghcmdgtgz31b$_run_closure1          : loaded 2 times (x 139B)
Class org.gradle.internal.service.UnknownServiceException                             : loaded 2 times (x 83B)
Class com.google.common.collect.Sets$4                                                : loaded 2 times (x 139B)
Class org.objectweb.asm.ModuleVisitor                                                 : loaded 2 times (x 80B)
Class com.google.common.cache.LocalCache$Strength$1                                   : loaded 2 times (x 81B)
Class com.google.common.util.concurrent.SettableFuture                                : loaded 2 times (x 114B)
Class com.google.common.cache.LocalCache$Strength$2                                   : loaded 2 times (x 81B)
Class com.google.common.cache.LocalCache$Strength$3                                   : loaded 2 times (x 81B)
Class com.google.common.collect.MapDifference                                         : loaded 2 times (x 70B)
Class com.google.common.base.Splitter$1                                               : loaded 2 times (x 77B)
Class org.objectweb.asm.FieldWriter                                                   : loaded 2 times (x 77B)
Class com.google.common.cache.CacheBuilder$NullListener                               : loaded 2 times (x 82B)
Class org.gradle.internal.classpath.TransformedClassPath                              : loaded 2 times (x 96B)
Class com.google.common.cache.CacheLoader$FunctionToCacheLoader                       : loaded 2 times (x 75B)
Class com.google.common.collect.Iterators$ArrayItr                                    : loaded 2 times (x 97B)
Class com.google.common.collect.ImmutableCollection$Builder                           : loaded 2 times (x 76B)
Class org.apache.commons.io.output.ByteArrayOutputStream                              : loaded 2 times (x 92B)
Class com.google.common.base.Joiner                                                   : loaded 2 times (x 79B)
Class com.google.common.base.MoreObjects                                              : loaded 2 times (x 71B)
Class [Lorg.objectweb.asm.Type;                                                       : loaded 2 times (x 69B)
Class com.google.common.collect.Platform                                              : loaded 2 times (x 71B)
Class com.google.common.collect.UnmodifiableIterator                                  : loaded 2 times (x 80B)
Class org.gradle.internal.service.ServiceLocator                                      : loaded 2 times (x 70B)
Class com.google.common.base.Ascii                                                    : loaded 2 times (x 71B)
Class com.google.common.collect.SingletonImmutableBiMap                               : loaded 2 times (x 143B)
Class com.google.common.cache.LocalCache$1                                            : loaded 2 times (x 89B)
Class com.google.common.collect.AbstractMapEntry                                      : loaded 2 times (x 81B)
Class com.google.common.collect.Sets$ImprovedAbstractSet                              : loaded 2 times (x 135B)
Class com.google.common.collect.ImmutableList$Builder                                 : loaded 2 times (x 77B)
Class com.google.common.cache.LocalCache$2                                            : loaded 2 times (x 142B)
Class com.google.common.collect.AbstractMultimap                                      : loaded 2 times (x 123B)
Class com.google.common.util.concurrent.AbstractFuture$UnsafeAtomicHelper$1           : loaded 2 times (x 76B)
Class com.google.common.collect.RegularImmutableAsList                                : loaded 2 times (x 216B)
Class com.google.common.util.concurrent.AbstractFuture$Trusted                        : loaded 2 times (x 70B)
Class com.google.common.collect.Iterators                                             : loaded 2 times (x 71B)
Class com.google.common.base.CharMatcher$RangesMatcher                                : loaded 2 times (x 112B)
Class com.google.common.util.concurrent.UncheckedExecutionException                   : loaded 2 times (x 82B)
Class com.google.common.collect.Lists$StringAsImmutableList                           : loaded 2 times (x 207B)
Class org.gradle.kotlin.dsl.VersionCatalogAccessorsKt                                 : loaded 2 times (x 71B)
Class com.google.common.base.CharMatcher$JavaLetterOrDigit                            : loaded 2 times (x 111B)
Class org.gradle.internal.InternalTransformer                                         : loaded 2 times (x 70B)
Class com.google.common.collect.AbstractMapBasedMultimap$KeySet$1                     : loaded 2 times (x 82B)
Class org.objectweb.asm.ClassWriter                                                   : loaded 2 times (x 104B)
Class com.google.common.cache.CacheLoader$UnsupportedLoadingOperationException        : loaded 2 times (x 82B)
Class com.google.common.base.CharMatcher$And                                          : loaded 2 times (x 112B)
Class org.gradle.internal.classloader.ClasspathUtil$1                                 : loaded 2 times (x 76B)
Class com.google.common.base.Objects                                                  : loaded 2 times (x 71B)
Class org.objectweb.asm.FieldVisitor                                                  : loaded 2 times (x 76B)
Class com.google.common.collect.IndexedImmutableSet                                   : loaded 2 times (x 150B)
Class com.google.common.collect.ImmutableMap$1                                        : loaded 2 times (x 81B)
Class com.google.common.collect.BiMap                                                 : loaded 2 times (x 70B)
Class org.gradle.api.internal.classpath.DefaultModuleRegistry$DefaultModule           : loaded 2 times (x 86B)
Class com.google.common.primitives.Ints                                               : loaded 2 times (x 71B)
Class com.google.common.collect.AbstractIterator                                      : loaded 2 times (x 82B)
Class com.google.common.math.MathPreconditions                                        : loaded 2 times (x 71B)
Class com.google.common.collect.Multiset                                              : loaded 2 times (x 70B)
Class com.google.common.collect.ArrayListMultimapGwtSerializationDependencies         : loaded 2 times (x 172B)
Class com.google.common.collect.RegularImmutableMap$KeySet                            : loaded 2 times (x 150B)
Class com.google.common.collect.AbstractIndexedListIterator                           : loaded 2 times (x 96B)
Class com.google.common.collect.ImmutableMapEntrySet                                  : loaded 2 times (x 151B)
Class org.gradle.api.internal.classpath.Module                                        : loaded 2 times (x 70B)
Class com.google.common.cache.Weigher                                                 : loaded 2 times (x 70B)
Class org.gradle.api.internal.classpath.UnknownModuleException                        : loaded 2 times (x 82B)
Class org.gradle.cache.GlobalCache                                                    : loaded 2 times (x 70B)
Class com.google.common.base.Stopwatch                                                : loaded 2 times (x 72B)
Class com.google.common.cache.LocalCache$Strength                                     : loaded 2 times (x 81B)
Class com.google.common.cache.Cache                                                   : loaded 2 times (x 70B)
Class com.google.common.util.concurrent.AbstractFuture$Cancellation                   : loaded 2 times (x 72B)
Class com.google.common.collect.ImmutableMap$Builder                                  : loaded 2 times (x 82B)
Class com.google.common.base.NullnessCasts                                            : loaded 2 times (x 71B)
Class com.google.common.cache.RemovalListener                                         : loaded 2 times (x 70B)
Class org.gradle.api.internal.DefaultClassPathRegistry                                : loaded 2 times (x 76B)
Class com.google.common.primitives.IntsMethodsForWeb                                  : loaded 2 times (x 71B)
Class com.google.common.collect.Multimap                                              : loaded 2 times (x 70B)
Class org.gradle.api.internal.ClassPathRegistry                                       : loaded 2 times (x 70B)
Class org.gradle.internal.classpath.DefaultClassPath$ImmutableUniqueList              : loaded 2 times (x 199B)
Class com.google.common.base.ExtraObjectsMethodsForWeb                                : loaded 2 times (x 71B)
Class org.apache.commons.io.IOUtils                                                   : loaded 2 times (x 71B)
Class com.google.common.base.Equivalence$Identity                                     : loaded 2 times (x 82B)
Class com.google.common.cache.CacheBuilder                                            : loaded 2 times (x 72B)
Class com.google.common.collect.SingletonImmutableList                                : loaded 2 times (x 207B)
Class Settings_gradle$1                                                               : loaded 2 times (x 75B)
Class org.gradle.internal.classpath.ClassPath                                         : loaded 2 times (x 70B)
Class org.gradle.api.UncheckedIOException                                             : loaded 2 times (x 82B)
Class com.google.common.collect.ImmutableList$ReverseImmutableList                    : loaded 2 times (x 208B)
Class com.google.common.base.JdkPattern                                               : loaded 2 times (x 75B)
Class org.objectweb.asm.SymbolTable$Entry                                             : loaded 2 times (x 74B)
Class com.google.common.util.concurrent.AbstractFuture$AtomicHelper                   : loaded 2 times (x 78B)
Class org.objectweb.asm.Edge                                                          : loaded 2 times (x 72B)
Class com.google.common.base.Suppliers$SupplierOfInstance                             : loaded 2 times (x 79B)
Class com.google.common.collect.Iterators$1                                           : loaded 2 times (x 81B)
Class com.google.common.cache.LocalCache$ComputingValueReference                      : loaded 2 times (x 96B)
Class com.google.common.collect.SingletonImmutableSet                                 : loaded 2 times (x 146B)
Class com.google.common.collect.ImmutableMap$IteratorBasedImmutableMap                : loaded 2 times (x 125B)
Class com.google.common.cache.LocalCache$Segment                                      : loaded 2 times (x 154B)
Class [Lorg.objectweb.asm.SymbolTable$Entry;                                          : loaded 2 times (x 69B)
Class com.google.common.cache.CacheLoader                                             : loaded 2 times (x 74B)
Class com.google.common.collect.Iterators$4                                           : loaded 2 times (x 82B)
Class com.google.common.collect.ImmutableBiMap                                        : loaded 2 times (x 143B)
Class com.google.common.collect.AbstractListMultimap                                  : loaded 2 times (x 172B)
Class org.gradle.internal.installation.GradleInstallation$1                           : loaded 2 times (x 75B)
Class org.gradle.api.internal.classpath.ModuleRegistry                                : loaded 2 times (x 70B)
Class com.google.common.util.concurrent.internal.InternalFutureFailureAccess          : loaded 2 times (x 72B)
Class com.google.common.collect.Iterators$5                                           : loaded 2 times (x 82B)
Class com.google.common.collect.ImmutableSet$JdkBackedSetBuilderImpl                  : loaded 2 times (x 76B)
Class com.google.common.base.Splitter$SplittingIterator                               : loaded 2 times (x 84B)
Class com.google.common.util.concurrent.AbstractFuture$UnsafeAtomicHelper             : loaded 2 times (x 78B)
Class com.google.common.cache.LocalCache$LocalManualCache$1                           : loaded 2 times (x 75B)
Class com.google.common.base.CharMatcher$ForPredicate                                 : loaded 2 times (x 112B)
Class com.google.common.collect.ImmutableCollection                                   : loaded 2 times (x 125B)
Class com.google.common.base.CharMatcher$AnyOf                                        : loaded 2 times (x 112B)
Class ijKotlinCoroutineJvmDebugInit1_e1iabogc42aqpghcmdgtgz31b$_run_closure1$_closure2: loaded 2 times (x 139B)
Class org.gradle.api.internal.classpath.DefaultModuleRegistry                         : loaded 2 times (x 86B)
Class com.google.common.util.concurrent.ListenableFuture                              : loaded 2 times (x 70B)
Class com.google.common.cache.ReferenceEntry                                          : loaded 2 times (x 70B)
Class com.google.common.collect.ImmutableSet$CachingAsList                            : loaded 2 times (x 147B)
Class com.google.common.base.Converter                                                : loaded 2 times (x 90B)
Class com.google.common.collect.Lists                                                 : loaded 2 times (x 71B)
Class com.google.common.base.CharMatcher$Any                                          : loaded 2 times (x 112B)
Class com.google.common.util.concurrent.AbstractFuture                                : loaded 2 times (x 106B)
Class com.google.common.base.FunctionalEquivalence                                    : loaded 2 times (x 83B)
Class com.google.common.collect.Iterators$9                                           : loaded 2 times (x 81B)
Class com.google.common.collect.AbstractMapBasedMultimap                              : loaded 2 times (x 139B)
Class com.google.common.collect.ImmutableAsList                                       : loaded 2 times (x 209B)
Class org.objectweb.asm.RecordComponentVisitor                                        : loaded 2 times (x 77B)
Class com.google.common.cache.CacheLoader$SupplierToCacheLoader                       : loaded 2 times (x 75B)
Class com.google.common.collect.Maps$EntryTransformer                                 : loaded 2 times (x 70B)
Class org.gradle.internal.service.ServiceLookupException                              : loaded 2 times (x 82B)
Class [Lcom.google.common.cache.LocalCache$EntryFactory;                              : loaded 2 times (x 69B)
Class com.google.common.base.CharMatcher$JavaLetter                                   : loaded 2 times (x 111B)
Class org.gradle.internal.classloader.ClassLoaderFactory                              : loaded 2 times (x 70B)
Class com.google.common.cache.LocalCache$LocalManualCache                             : loaded 2 times (x 99B)
Class com.google.common.base.CharMatcher$IsNot                                        : loaded 2 times (x 111B)
Class com.google.common.base.CommonPattern                                            : loaded 2 times (x 74B)
Class org.gradle.internal.service.CachingServiceLocator                               : loaded 2 times (x 82B)
Class com.google.common.collect.AbstractMapBasedMultimap$KeySet                       : loaded 2 times (x 137B)
Class com.google.common.math.IntMath                                                  : loaded 2 times (x 71B)
Class org.objectweb.asm.commons.InstructionAdapter                                    : loaded 2 times (x 187B)
Class com.google.common.collect.Iterators$10                                          : loaded 2 times (x 81B)
Class com.google.common.collect.ImmutableMapEntry                                     : loaded 2 times (x 85B)
Class com.google.common.base.CharMatcher$JavaDigit                                    : loaded 2 times (x 111B)
Class com.google.common.base.Equivalence                                              : loaded 2 times (x 82B)
Class com.google.common.collect.ImmutableMapEntry$NonTerminalImmutableMapEntry        : loaded 2 times (x 85B)
Class com.google.common.base.Function                                                 : loaded 2 times (x 70B)
Class com.google.common.collect.IndexedImmutableSet$1                                 : loaded 2 times (x 212B)
Class com.google.common.cache.CacheBuilder$OneWeigher                                 : loaded 2 times (x 82B)
Class com.google.common.collect.RegularImmutableList                                  : loaded 2 times (x 212B)
Class com.google.common.collect.ImmutableBiMapFauxverideShim                          : loaded 2 times (x 120B)
Class org.gradle.internal.classloader.ClasspathUtil                                   : loaded 2 times (x 71B)
Class com.google.common.base.Charsets                                                 : loaded 2 times (x 71B)
Class com.google.common.util.concurrent.Uninterruptibles                              : loaded 2 times (x 71B)
Class com.google.common.collect.Maps                                                  : loaded 2 times (x 71B)
Class com.google.common.base.CharMatcher$JavaUpperCase                                : loaded 2 times (x 111B)
Class org.gradle.api.specs.Spec                                                       : loaded 2 times (x 70B)
Class [Lcom.google.common.collect.ImmutableEntry;                                     : loaded 2 times (x 69B)
Class com.google.common.cache.LocalCache$LoadingValueReference                        : loaded 2 times (x 96B)
Class com.google.common.collect.ObjectArrays                                          : loaded 2 times (x 71B)
Class com.google.common.base.Platform                                                 : loaded 2 times (x 71B)
Class [Lorg.objectweb.asm.AnnotationWriter;                                           : loaded 2 times (x 69B)
Class com.google.common.primitives.Ints$IntConverter                                  : loaded 2 times (x 90B)
Class com.google.common.collect.Maps$8                                                : loaded 2 times (x 82B)
Class ijKotlinCoroutineJvmDebugInit1_e1iabogc42aqpghcmdgtgz31b                        : loaded 2 times (x 179B)
Class com.google.common.collect.Sets$SetView                                          : loaded 2 times (x 138B)
Class com.google.common.cache.LocalCache$StrongValueReference                         : loaded 2 times (x 90B)
Class com.google.common.util.concurrent.AbstractFuture$SynchronizedHelper             : loaded 2 times (x 78B)
Class com.google.common.base.CharMatcher$Invisible                                    : loaded 2 times (x 112B)
Class org.objectweb.asm.Type                                                          : loaded 2 times (x 72B)
Class org.gradle.internal.classloader.VisitableURLClassLoader$InstrumentingVisitableURLClassLoader: loaded 2 times (x 123B)
Class org.objectweb.asm.ByteVector                                                    : loaded 2 times (x 78B)
Class [Lcom.google.common.cache.CacheBuilder$NullListener;                            : loaded 2 times (x 69B)
Class com.google.common.math.IntMath$1                                                : loaded 2 times (x 71B)
Class org.gradle.internal.classloader.VisitableURLClassLoader$Spec                    : loaded 2 times (x 74B)
Class org.gradle.internal.classpath.DefaultClassPath                                  : loaded 2 times (x 90B)
Class org.objectweb.asm.Symbol                                                        : loaded 2 times (x 73B)
Class com.google.common.base.AbstractIterator                                         : loaded 2 times (x 80B)
Class com.google.common.collect.RegularImmutableMap$Values                            : loaded 2 times (x 207B)
Class com.google.common.collect.ImmutableSet                                          : loaded 2 times (x 145B)
Class com.google.common.base.CharMatcher$BitSetMatcher                                : loaded 2 times (x 112B)
Class com.google.common.base.CharMatcher$Ascii                                        : loaded 2 times (x 112B)
Class org.gradle.internal.classloader.ClassLoaderSpec                                 : loaded 2 times (x 71B)
Class org.objectweb.asm.AnnotationWriter                                              : loaded 2 times (x 78B)
Class com.google.common.cache.CacheStats                                              : loaded 2 times (x 71B)
Class org.objectweb.asm.RecordComponentWriter                                         : loaded 2 times (x 78B)
Class com.google.common.util.concurrent.AbstractFuture$Listener                       : loaded 2 times (x 72B)
Class com.google.common.base.CharMatcher$Or                                           : loaded 2 times (x 112B)
Class Settings_gradle$1$1                                                             : loaded 2 times (x 75B)
Class org.objectweb.asm.Attribute                                                     : loaded 2 times (x 77B)
Class com.google.common.base.Supplier                                                 : loaded 2 times (x 70B)
Class org.gradle.internal.classloader.VisitableURLClassLoader                         : loaded 2 times (x 117B)
Class com.google.common.util.concurrent.AbstractFuture$Waiter                         : loaded 2 times (x 72B)
Class Settings_gradle                                                                 : loaded 2 times (x 128B)
Class org.gradle.internal.Cast                                                        : loaded 2 times (x 71B)
Class org.gradle.api.Action                                                           : loaded 2 times (x 70B)
Class com.google.common.collect.Sets                                                  : loaded 2 times (x 71B)
Class org.objectweb.asm.Handler                                                       : loaded 2 times (x 72B)
Class com.google.common.base.Strings                                                  : loaded 2 times (x 71B)
Class com.google.common.base.Ticker                                                   : loaded 2 times (x 72B)
Class com.google.common.base.CharMatcher$FastMatcher                                  : loaded 2 times (x 111B)
Class org.gradle.internal.agents.InstrumentingClassLoader                             : loaded 2 times (x 70B)
Class [Lcom.google.common.cache.LocalCache$Segment;                                   : loaded 2 times (x 69B)
Class [Lcom.google.common.cache.LocalCache$Strength;                                  : loaded 2 times (x 69B)
Class com.google.common.cache.CacheBuilder$1                                          : loaded 2 times (x 85B)
Class com.google.common.collect.ImmutableMap                                          : loaded 2 times (x 120B)
Class com.google.common.base.Predicate                                                : loaded 2 times (x 70B)
Class org.gradle.internal.classpath.DefaultClassPath$ImmutableUniqueList$Builder      : loaded 2 times (x 75B)
Class com.google.common.cache.LocalCache                                              : loaded 2 times (x 187B)
Class com.google.common.cache.CacheBuilder$2                                          : loaded 2 times (x 79B)
Class com.google.common.base.CharMatcher$NegatedFastMatcher                           : loaded 2 times (x 113B)
Class com.google.common.cache.CacheBuilder$3                                          : loaded 2 times (x 72B)
Class [Lcom.google.common.collect.AbstractMapEntry;                                   : loaded 2 times (x 69B)
Class com.google.common.collect.ImmutableEntry                                        : loaded 2 times (x 82B)
Class com.google.common.collect.ArrayListMultimap                                     : loaded 2 times (x 172B)
Class com.google.common.base.AbstractIterator$1                                       : loaded 2 times (x 71B)
Class com.google.common.base.CharMatcher$Digit                                        : loaded 2 times (x 112B)
Class org.gradle.api.GradleException                                                  : loaded 2 times (x 82B)
Class com.google.common.collect.CollectPreconditions                                  : loaded 2 times (x 71B)
Class com.google.common.base.CharMatcher$JavaIsoControl                               : loaded 2 times (x 112B)
Class com.google.common.collect.SortedMapDifference                                   : loaded 2 times (x 70B)
Class com.google.common.base.CharMatcher$JavaLowerCase                                : loaded 2 times (x 111B)
Class com.google.common.cache.LocalCache$EntryFactory                                 : loaded 2 times (x 83B)
Class com.google.common.cache.LocalCache$AbstractReferenceEntry                       : loaded 2 times (x 107B)
Class com.google.common.base.Splitter$1$1                                             : loaded 2 times (x 86B)
Class com.google.common.base.CharMatcher$Whitespace                                   : loaded 2 times (x 112B)
Class org.gradle.internal.IoActions                                                   : loaded 2 times (x 71B)
Class org.objectweb.asm.SymbolTable                                                   : loaded 2 times (x 72B)
Class com.google.common.cache.CacheLoader$InvalidCacheLoadException                   : loaded 2 times (x 82B)
Class com.google.common.collect.ImmutableSet$RegularSetBuilderImpl                    : loaded 2 times (x 77B)
Class com.google.common.base.CharMatcher$SingleWidth                                  : loaded 2 times (x 112B)
Class org.gradle.internal.classloader.SystemClassLoaderSpec                           : loaded 2 times (x 71B)
Class com.google.common.cache.LocalCache$StrongEntry                                  : loaded 2 times (x 108B)
Class com.google.common.util.concurrent.AbstractFuture$TrustedFuture                  : loaded 2 times (x 114B)
Class com.google.common.cache.LoadingCache                                            : loaded 2 times (x 70B)
Class org.objectweb.asm.MethodWriter                                                  : loaded 2 times (x 105B)
Class [Lcom.google.common.cache.Weigher;                                              : loaded 2 times (x 69B)
Class com.google.common.collect.RegularImmutableMap$BucketOverflowException           : loaded 2 times (x 82B)
Class com.google.common.collect.RegularImmutableBiMap                                 : loaded 2 times (x 148B)
Class com.google.common.cache.LocalCache$ValueReference                               : loaded 2 times (x 70B)
Class com.google.common.base.CharMatcher$Negated                                      : loaded 2 times (x 113B)
Class com.google.common.base.CharMatcher$Is                                           : loaded 2 times (x 111B)
Class com.google.common.util.concurrent.AbstractFuture$Failure                        : loaded 2 times (x 72B)
Class com.google.common.base.PatternCompiler                                          : loaded 2 times (x 70B)
Class com.google.common.base.Equivalence$Equals                                       : loaded 2 times (x 82B)
Class com.google.common.collect.Hashing                                               : loaded 2 times (x 71B)
Class com.google.common.base.Preconditions                                            : loaded 2 times (x 71B)
Class com.google.common.base.Joiner$1                                                 : loaded 2 times (x 80B)
Class org.objectweb.asm.Label                                                         : loaded 2 times (x 73B)
Class org.objectweb.asm.CurrentFrame                                                  : loaded 2 times (x 73B)
Class org.objectweb.asm.ClassTooLargeException                                        : loaded 2 times (x 83B)
Class com.google.common.collect.PeekingIterator                                       : loaded 2 times (x 70B)
Class com.google.common.base.CharMatcher                                              : loaded 2 times (x 111B)
Class com.google.common.collect.Maps$IteratorBasedAbstractMap                         : loaded 2 times (x 125B)
Class com.google.common.base.Joiner$2                                                 : loaded 2 times (x 79B)
Class org.objectweb.asm.Frame                                                         : loaded 2 times (x 73B)
Class org.objectweb.asm.MethodVisitor                                                 : loaded 2 times (x 104B)
Class com.google.common.cache.LocalCache$EntryFactory$1                               : loaded 2 times (x 83B)
Class [Lcom.google.common.cache.RemovalListener;                                      : loaded 2 times (x 69B)
Class com.google.common.base.CharMatcher$1                                            : loaded 2 times (x 113B)
Class com.google.common.base.CharMatcher$NamedFastMatcher                             : loaded 2 times (x 112B)
Class com.google.common.cache.LocalCache$EntryFactory$2                               : loaded 2 times (x 83B)
Class org.objectweb.asm.ModuleWriter                                                  : loaded 2 times (x 81B)
Class com.google.common.cache.LocalCache$EntryFactory$3                               : loaded 2 times (x 83B)
Class com.google.common.base.Ticker$1                                                 : loaded 2 times (x 72B)
Class com.google.common.collect.ImmutableMapEntrySet$RegularEntrySet                  : loaded 2 times (x 151B)
Class com.google.common.collect.Maps$BiMapConverter                                   : loaded 2 times (x 90B)
Class com.google.common.cache.LocalCache$EntryFactory$4                               : loaded 2 times (x 83B)
Class com.google.common.collect.ImmutableSet$Builder                                  : loaded 2 times (x 85B)
Class com.google.common.base.CharMatcher$InRange                                      : loaded 2 times (x 111B)
Class Settings_gradle$1$1$1                                                           : loaded 2 times (x 75B)
Class com.google.common.cache.LocalCache$EntryFactory$5                               : loaded 2 times (x 83B)
Class com.google.common.base.PairwiseEquivalence                                      : loaded 2 times (x 83B)
Class com.google.common.cache.LocalCache$EntryFactory$6                               : loaded 2 times (x 83B)
Class org.gradle.internal.installation.CurrentGradleInstallationLocator               : loaded 2 times (x 71B)
Class com.google.common.collect.Maps$KeySet                                           : loaded 2 times (x 137B)
Class com.google.common.cache.LocalCache$EntryFactory$7                               : loaded 2 times (x 83B)
Class com.google.common.collect.ImmutableSet$EmptySetBuilderImpl                      : loaded 2 times (x 76B)
Class com.google.common.collect.ImmutableList                                         : loaded 2 times (x 206B)
Class org.gradle.internal.service.DefaultServiceLocator                               : loaded 2 times (x 83B)
Class com.google.common.cache.LocalCache$EntryFactory$8                               : loaded 2 times (x 83B)
Class com.google.common.collect.ImmutableSet$SetBuilderImpl                           : loaded 2 times (x 76B)
Class org.gradle.internal.installation.CurrentGradleInstallation                      : loaded 2 times (x 73B)
Class com.google.common.cache.CacheLoader$1                                           : loaded 2 times (x 75B)
Class com.google.common.collect.ImmutableList$SubList                                 : loaded 2 times (x 208B)
Class org.gradle.util.internal.GUtil                                                  : loaded 2 times (x 71B)
Class com.google.common.util.concurrent.AbstractFuture$SetFuture                      : loaded 2 times (x 75B)
Class com.google.common.cache.AbstractCache$StatsCounter                              : loaded 2 times (x 70B)
Class com.google.common.collect.Iterators$MergingIterator                             : loaded 2 times (x 81B)
Class com.google.common.collect.RegularImmutableSet                                   : loaded 2 times (x 148B)
Class org.gradle.internal.installation.GradleInstallation                             : loaded 2 times (x 75B)
Class com.google.common.collect.Iterables                                             : loaded 2 times (x 71B)
Class com.google.common.base.Splitter$Strategy                                        : loaded 2 times (x 70B)

---------------  S Y S T E M  ---------------

OS:
 Windows 11 , 64 bit Build 26100 (10.0.26100.7920)
OS uptime: 0 days 23:29 hours

CPU: total 12 (initial active 12) (12 cores per cpu, 1 threads per core) family 6 model 154 stepping 4 microcode 0x42c, cx8, cmov, fxsr, mmx, 3dnowpref, sse, sse2, sse3, ssse3, sse4.1, sse4.2, popcnt, lzcnt, tsc, tscinvbit, avx, avx2, aes, erms, clmul, bmi1, bmi2, adx, sha, fma, vzeroupper, clflush, clflushopt, clwb, serialize, rdtscp, rdpid, fsrm, f16c, pku, cet_ibt, cet_ss
Processor Information for processor 0
  Max Mhz: 1300, Current Mhz: 1300, Mhz Limit: 1300
Processor Information for processor 1
  Max Mhz: 1300, Current Mhz: 1300, Mhz Limit: 1300
Processor Information for processor 2
  Max Mhz: 1300, Current Mhz: 1300, Mhz Limit: 1300
Processor Information for processor 3
  Max Mhz: 1300, Current Mhz: 1300, Mhz Limit: 1300
Processor Information for processor 4
  Max Mhz: 1300, Current Mhz: 900, Mhz Limit: 897
Processor Information for processor 5
  Max Mhz: 1300, Current Mhz: 900, Mhz Limit: 897
Processor Information for processor 6
  Max Mhz: 1300, Current Mhz: 900, Mhz Limit: 897
Processor Information for processor 7
  Max Mhz: 1300, Current Mhz: 900, Mhz Limit: 897
Processor Information for processor 8
  Max Mhz: 1300, Current Mhz: 900, Mhz Limit: 897
Processor Information for processor 9
  Max Mhz: 1300, Current Mhz: 900, Mhz Limit: 897
Processor Information for processor 10
  Max Mhz: 1300, Current Mhz: 900, Mhz Limit: 897
Processor Information for processor 11
  Max Mhz: 1300, Current Mhz: 900, Mhz Limit: 897

Memory: 4k page, system-wide physical 7863M (14M free)
TotalPageFile size 23191M (AvailPageFile size 482M)
current process WorkingSet (physical memory assigned to process): 40M, peak: 420M
current process commit charge ("private bytes"): 522M, peak: 542M

vm_info: OpenJDK 64-Bit Server VM (21.0.8+-14196175-b1038.72) for windows-amd64 JRE (21.0.8+-14196175-b1038.72), built on 2025-10-01T10:24:33Z by "builder" with MS VC++ 16.10 / 16.11 (VS2019)

END.
